obj_regio1,obj_cId,obj_newlyConst,obj_balcony,obj_picture,obj_picturecount,obj_yearConstructed,geo_ot,obj_privateOffer,obj_galleryAd,obj_scoutId,obj_firingTypes,obj_hasKitchen,obj_ExclusiveExpose,obj_courtage,geo_bln,obj_cellar,obj_purchasePriceRange,obj_yearConstructedRange,obj_houseNumber,obj_energyType,obj_livingSpace,geo_krs,obj_zipCode,obj_condition,obj_interiorQual,obj_highDemand,ga_cd_cxp_historicallisting,obj_parkingSpace,obj_street,obj_lift,obj_commissionsettings,obj_streetPlain,obj_typeOfFlat,geo_plz,obj_noRooms,obj_assistedLiving,obj_ityp,geo_land,ga_cd_via,obj_immotype,obj_rented,obj_privateOfferInvestmentCheck,obj_contactFormInputFieldCount,obj_floor,obj_cwId,obj_purchasePrice,ga_cd_application_requirements,geo_bg,obj_noRoomsRange,ga_cd_maillead_default_shown,obj_garden,evt_count_pm_sig,obj_regio4,obj_barrierFree,obj_international,obj_regio3,obj_objectnumber,obj_livingSpaceRange,obj_regio2,url,extract_date,extract_time,online_since,title,description,equipments,locations,obj_telekomInternetUrlAddition,obj_noParkSpaces,obj_telekomInternetUrlBase,obj_energyEfficiencyClass,obj_thermalChar,obj_groupnumber,obj_telekomInternetAvailable,obj_telekomInternetSpeed,obj_heatingType,obj_rentSubsidy,obj_numberOfFloors,obj_lastRefurbish,obj_usableArea,ga_cd_via_qualified
Baden_Württemberg,18533450,n,y,https://pictures.immobilienscout24.de/listings/36b14fa4-ff65-496e-8bf0-2cf4f357d7d9-1924849753.jpg/ORIG/resize/118x118%3E/extent/118x118/format/webp/quality/73,1,1962,fasanenhof,false,disabled,160676061,no_information,y,false,n,baden_württemberg,y,3,2,no_information,no_information,60,stuttgart,70565,no_information,no_information,,false,no_information,no_information,n,flow:0,no_information,apartment,,3,n,"2,active",deutschland,top,wohnung_kauf,n,false,19,1,002.01009418979,131000,profile0,möhringen,3,true,n,showqualicontactform,Fasanenhof,n,n,Möhringen,812513,2,Stuttgart,https://www.immobilienscout24.de/expose/160676061,2025-07-26,01:16:08,2025-07-25T10:18:17.905+02:00,"Provisionsfrei Etagenwohnung in 70565 Stuttgart, Markus-Schleicher-Str.",,,,,,,,,,,,,,,,,
Baden_Württemberg,16524776,n,y,https://pictures.immobilienscout24.de/listings/48158bc2-bb99-4d66-9d0a-1b330652563b-1924924381.jpg/ORIG/resize/118x118%3E/extent/118x118/format/webp/quality/73,8,1970,,false,,160679908,oil,n,false,y,baden_württemberg,n,8,2,no_information,energy_consumption,103,rems_murr_kreis,70734,no_information,no_information,,false,garage,no_information,n,flow:0,no_information,maisonette,,3,n,"2,active",deutschland,top,wohnung_kauf,n,false,7,,002.01007371662,429000,profile0,fellbach,3,true,n,,,n,n,Fellbach,HK11230,5,Rems_Murr_Kreis,https://www.immobilienscout24.de/expose/160679908,2025-07-26,01:16:13,2025-07-25T12:24:26.000+02:00,Seltene Gelegenheit! Ideale 3 Zimmer-Wohnung mit tollem Flair & Hobbyraum!,"Diese schöne 3 Zimmer-Maisonettewohnung bietet Ihnen folgende Highlights: 

Der Perfekte Grundriss mit einem gemütlichen Wohnflair
Ideale Raumaufteilung mit viel Stauraum & Gestaltungsmöglichkeiten
Erholung pur vom Alltag genießen Sie auf dem sonnigen Balkon
Die Einbauküche mit allen Elektrogeräten ist im Preis inklusive
Das gepflegte Bad mit einer Badewanne & Dusche ausgestattet
Energieausweis: Verbrauchsausweis, 114 kWh/(m²*a), Öl, Energieeffizienzklasse D

Hier steht Ihr PKW sicher! Eine Garage ist im Preis inklusive!",,,eyJvcnQiOiJGZWxsYmFjaCIsIm9ydHN0ZWlsIjoiIiwic3RyYXNzZSI6Ikhlcm1hbm4tSGVzc2UtU3RyLiIsImhhdXNudW1tZXIiOiI1Iiwia2xzaWQiOjE3MDk4NzM2LCJoYXVzbnVtbWVyenVzYXR6IjoiIiwicGx6IjoiNzA3MzQifQ%3D%3D,1,https://www.telekom.de/festnetz/tarife-und-optionen/internet-dsl,D,114,8,true,1000 MBit/s,,,,,,
Baden_Württemberg,5394580,n,y,https://pictures.immobilienscout24.de/listings/7cf99e5f-e262-4dc4-acc4-aa28e17cfda0-1924985467.jpg/ORIG/resize/118x118%3E/extent/118x118/format/webp/quality/73,16,1960,kaltental,false,disabled,160684386,gas,y,true,n,baden_württemberg,y,7,2,no_information,energy_consumption,93,stuttgart,70569,well_kept,no_information,,false,garage,no_information,n,flow:0,no_information,apartment,,3,n,"2,active",deutschland,top,wohnung_kauf,n,false,11,1,001.5394580,330000,profile0,süd,3,true,y,,Kaltental,n,n,Süd,374720,4,Stuttgart,https://www.immobilienscout24.de/expose/160684386,2025-07-26,01:16:16,2025-07-25T14:42:51.000+02:00,Schöne 3 Zimmer Wohnung mit Terrasse Südlage von Privat,"Das schöne 8-Familienhaus wurde ca. 1960 erbaut.
Die Wohnung liegt in einer ruhigen Sackgasse in einem reinen Wohngebiet in südlicher Halbhöhenlage. 
Das Gebäude ist von einer gepflegten Außenanlage umgeben.

Die 3 Zimmer sind gut aufgeteilt und für eine kleine Familie genügend Platz. Die großzügige Terrasse mit kleinem Garten (42 qm)  ist perfekt zum entspannen.
Die Loggia mit kleinem Einbauschrank ist über die Küche zugänglich. 
Im UG gibt es noch eine gemeinsame Waschküche und einen Keller.

Zur Wohnung gehört eine neu sanierte Garage und ein separater Hobbyraum mit 20qm, diese können optional dazu erworben werden.",,"Kaltental liegt im Süden von Stuttgart und gehört zu den beliebtesten Wohnlagen der Landeshauptstadt. 

Einkaufsmöglichkeiten für den täglichen Bedarf befinden sich in der Nähe zur Wohnung, ebenso Kindergärten und Schulen.
In wenigen Gehminuten erreichen Sie die öffentlichen Verkehrsmittel.
Umgeben von schöner Natur sind Sie doch innerhalb weniger Minuten in der Stuttgarter ""City"", die Autobahn erreichen Sie in 10 Minuten und in 15 Minuten sind Sie am Stuttgarter Flughafen.
Infrastruktur (im Umkreis von 5 km):
Apotheke, Lebensmittel-Discount, Allgemeinmediziner, Kindergarten, Grundschule, Hauptschule, Realschule, Gymnasium, Gesamtschule, Öffentliche Verkehrsmittel",,1,,,136,,false,,self_contained_central_heating,240,4,,,
Baden_Württemberg,18290621,n,n,https://pictures.immobilienscout24.de/listings/1ace915d-19dc-4ba8-b07b-36ae7fb5a355-1925048001.jpg/ORIG/resize/118x118%3E/extent/118x118/format/webp/quality/73,12,1978,pliensauvorstadt,false,,160687861,gas,y,false,y,baden_württemberg,y,6,3,no_information,energy_consumption,81,esslingen_kreis,73734,well_kept,normal,,false,no_information,no_information,n,flow:0,no_information,ground_floor,,3,n,"2,active",deutschland,standard,wohnung_kauf,n,false,19,,002.01009104181,255000,profile0,esslingen_am_neckar,3,true,n,showqualicontactform,Pliensauvorstadt,n,n,Esslingen_am_Neckar,44300108-116512,4,Esslingen_Kreis,https://www.immobilienscout24.de/expose/160687861,2025-07-26,01:16:19,2025-07-25T17:40:14.000+02:00,3 Zi. für Selbstnutzung oder Rendite über 6% möglich als WG,"Objektbeschreibung:

Bei dem hier angebotenen Objekt handelt es sich um eine charmante 3-Zimmer Erdgeschosswohnung in Esslingen am Neckar. Die Wohnung erstreckt sich über eine großzügige Wohnfläche von ca. 81 Quadratmetern und befindet sich in einem gepflegten Zustand. Das Baujahr der Immobilie ist 1920, was für eine solide Bausubstanz spricht. Die Lage der Wohnung ist äußerst attraktiv, da sie nur etwa 5 Gehminuten vom Zentrum Esslingens entfernt liegt. Somit genießen Sie die Vorzüge einer ruhigen Wohngegend und haben dennoch sämtliche Einkaufsmöglichkeiten, Restaurants und kulturelle Angebote in unmittelbarer Nähe.

Raumaufteilung:
Die Wohnung besticht durch eine gut durchdachte Raumaufteilung, die Ihnen eine angenehme Wohnatmosphäre garantiert. Der großzügige Wohnbereich bietet ausreichend Platz für gemütliches Beisammensein mit Familie und Freunden. Die angrenzende Küche ist praktisch gestaltet, mit allen Geräten ausgestattet. Zudem besteht die Möglichkeit, einen Essbereich in der Küche einzurichten.

Das Objekt verfügt über zwei helle Schlafzimmer, die sich ideal als Schlaf- und Gästezimmer oder auch als Home-Office nutzen lassen. Ein Badezimmer mit Badewanne und Dusche steht Ihnen ebenfalls zur Verfügung und bietet den Komfort, den Sie benötigen.

Lage:
Die Wohnung befindet sich in einer ruhigen und beliebten Wohngegend von Esslingen am Neckar. Dank der Nähe zum Zentrum können Sie sämtliche Annehmlichkeiten der Stadt in nur wenigen Minuten zu Fuß erreichen. Esslingen bietet eine Vielzahl von kulturellen Veranstaltungen, Restaurants mit internationaler Küche, gemütliche Cafés und charmante Einkaufsstraßen. Auch die Anbindung an den öffentlichen Nahverkehr ist hervorragend, sodass Sie schnell und bequem weitere Stadtteile und umliegende Städte erreichen können.

Sonstiges:

- Baujahr: 1978
- Wohnfläche: ca. 81 qm
- Zimmer: 3
- Erdgeschosswohnung
- Gepflegter Zustand
- Zentrale Lage, nur ca. 5 Minuten fußläufig bis zum Zentrum

Die hier präsentierte 3-Zimmer Erdgeschosswohnung bietet Ihnen eine attraktive Kombination aus großzügigem Wohnraum und zentraler Lage. Dank des gepflegten Zustandes können Sie Ihr neues Zuhause ohne größeren Renovierungsaufwand beziehen. Nutzen Sie die Chance und vereinbaren Sie noch heute einen Besichtigungstermin, um sich persönlich von den Vorzügen dieser Immobilie zu überzeugen. Gerne stehen wir Ihnen für weitere Informationen zur Verfügung und freuen uns auf Ihre Kontaktaufnahme.",,"Esslingen am Neckar ist eine Stadt in Baden-Württemberg, Deutschland. Die Stadt liegt etwa 10 Kilometer südöstlich der Landeshauptstadt Stuttgart und ist Teil der Metropolregion Stuttgart. Esslingen ist bekannt für seine reiche Geschichte, schöne Altstadt und seine Lage am Ufer des Neckar-Flusses.

Die topographische Lage der Stadt ist geprägt von den Hügeln und Weinbergen, die die Altstadt umgeben. Der Fluss Neckar fließt durch das Stadtgebiet und teilt die Stadt in zwei Teile, die durch zahlreiche Brücken miteinander verbunden sind. Die Altstadt befindet sich auf der östlichen Seite des Neckars und ist von gut erhaltenen mittelalterlichen Bauten geprägt, darunter Fachwerkhäuser, Kirchen und historische Plätze.

Im Norden und Osten wird Esslingen von bewaldeten Hügeln umgeben, die beliebte Naherholungsgebiete bieten und eine malerische Kulisse für die Stadt darstellen. Die Weinberge erstrecken sich über die Hänge der umliegenden Hügel und sind ein wichtiger Teil der lokalen Kultur und des Tourismus.

Die günstige Lage von Esslingen am Neckar macht es zu einem bedeutenden Verkehrsknotenpunkt. Die Stadt ist gut an das regionale und überregionale Verkehrsnetz angeschlossen, mit Zugverbindungen nach Stuttgart und anderen Städten in der Umgebung.

Insgesamt bietet Esslingen am Neckar eine harmonische Mischung aus historischer Schönheit, landschaftlicher Attraktivität und moderner Infrastruktur, die sie zu einem attraktiven Ort zum Leben, Arbeiten und Besuchen macht.",eyJvcnQiOiJFc3NsaW5nZW4iLCJvcnRzdGVpbCI6IiIsInN0cmFzc2UiOiJab2xsYmVyZ3N0ZWlnZSIsImhhdXNudW1tZXIiOiIyIiwia2xzaWQiOjEzNjIxNzY5LCJoYXVzbnVtbWVyenVzYXR6IjoiIiwicGx6IjoiNzM3MzQifQ%3D%3D,,https://www.telekom.de/festnetz/tarife-und-optionen/internet-dsl,E,139,,true,250 MBit/s,central_heating,,,2020,,
Baden_Württemberg,18420154,n,y,https://pictures.immobilienscout24.de/listings/9a3cbcd7-0b24-4682-8600-25d31e2d8078-1925076889.jpg/ORIG/resize/118x118%3E/extent/118x118/format/webp/quality/73,16,1993,veielbrunnen,false,disabled,160689600,gas,y,false,y,baden_württemberg,y,5,5,no_information,energy_consumption,50.49,stuttgart,70372,well_kept,normal,,false,no_information,no_information,n,flow:0,no_information,raised_ground_floor,,2,n,"2,active",deutschland,top,wohnung_kauf,n,false,19,,009.e56cb7c1-bfeb-4bfe-89d1-2adc8fe8df50,217107,profile0,bad_cannstatt,2,true,n,showqualicontactform,Veielbrunnen,n,n,Bad_Cannstatt,545_10,2,Stuttgart,https://www.immobilienscout24.de/expose/160689600,2025-07-26,01:16:22,2025-07-25T20:16:49.000+02:00,Top-geschnittene Wohnung für Eigennutzer & Anleger,"Diese attraktive 2-Zimmer-Wohnung bietet eine ideale Kombination aus Wohnkomfort und Kapitalanlage. Sie befindet sich in einem gepflegten Mehrfamilienhaus aus dem Jahr 1993 und überzeugt durch eine durchdachte Raumaufteilung. 

Die Wohnung erstreckt sich über ca. 50 m² und überzeugt durch eine durchdachte Raumaufteilung. Sie umfasst ein großzügiges Wohnzimmer mit Zugang zum Balkon, eine separate Küche sowie ein ruhig gelegenes Schlafzimmer. Das geräumige Badezimmer ist mit einer Duschwanne, einem WC und einem Einzelwaschbecken ausgestattet. Zudem steht Ihnen ein geräumiger Kellerraum zur Verfügung, der den Wohnwert noch weiter erhöht. Des Weiteren stehen den Bewohnern ein gemeinschaftlich genutzter Trockenraum sowie ein Waschraum im Keller zur Verfügung, was ebenso zum Wohnkomfort und zur Alltagstauglichkeit beiträgt.

Die Wohnung wird über eine Gas-Zentralheizung aus 1996 beheizt und verfügt über eine funktionale Einbauküche. Ein durchdachtes Raumkonzept sorgt für eine effiziente Nutzung der Wohnfläche. Dank der zentralen Lage und guten Infrastruktur eignet sich diese Immobilie sowohl zur Eigennutzung als auch als wertbeständige Investition.
Optional kann ein Außenstellplatz für 15.000 € zusätzlich zur Wohnung erworben werden, wodurch sich eine noch höhere Attraktivität für Eigennutzer und Mieter ergibt.
Aktuell ist die Wohnung vermietet und bietet eine stabile Einnahmequelle für Kapitalanleger. Das bestehende Mietverhältnis besteht seit 01.07.2018. Die monatliche Miete beträgt derzeit 630,00 €, wodurch sich bei einem Kaufpreis in Höhe von 217.107,00 € eine Rendite von 3,5 % ergibt. Der Mieter hat einer Mietaufhebung zum 28.02.2026 zugestimmt, wird aber bereits zum 30.06.2025 ausziehen.

Das Gebäude wurde bislang vollständig durch die Eigentümer vermietet geführt. Im Rahmen des aktuellen Verkaufs wird nun eine neue Wohnungseigentümergemeinschaft (WEG) gebildet. Das Hausgeld wurde daher geschätzt. Dadurch entsteht für die Käufer eine klare und zeitgemäße Eigentümerstruktur mit langfristiger Perspektive – ideal für alle, die auf Transparenz, Mitbestimmung und Werterhalt setzen.

Überzeugen Sie sich selbst und vereinbaren Sie einen Besichtigungstermin – wir stehen Ihnen gerne für weitere Informationen zur Verfügung!

Wir stützen uns bei allen Angaben auf die Information von Dritten und können deshalb keine Gewähr für deren Richtigkeit und Vollständigkeit übernehmen.","* 1 Einbauküche

* 1 Balkon

* 1 Trockenraum 

* 1 Waschraum

* 1 Kellerraum

* Elektrik 3-Adrig mit FI-Schalter

* zweifach verglaste Kunststofffenster  (1995)

* Gas-Zentralheizung aus 1996","Die Immobilie liegt im aufstrebenden Bad Cannstatter Gebiet Veielbrunnen, das durch gute Anbindung und eine solide Infrastruktur besticht. Die U-Bahn-Haltestelle ""Bad Cannstatt"" sowie Buslinien sind fußläufig erreichbar, die Innenstadt und der Hauptbahnhof schnell erreichbar. In der Nähe befinden sich zahlreiche Einkaufsmöglichkeiten, Restaurants sowie Schulen und Kindergärten, was das Gebiet besonders familienfreundlich macht.

Das Naherholungsgebiet am Neckar und der Cannstatter Wasen bieten eine hohe Lebensqualität und schaffen attraktive Freizeitmöglichkeiten. In den letzten Jahren wurden zahlreiche Neubauten und Sanierungen im Bad Cannstatter Westen realisiert, was das Viertel weiter aufwertet. Diese Entwicklungen schaffen Potenzial für eine stabile Wertsteigerung und eine nachhaltige urbane Entwicklung. Der Stadtteil bietet eine Mischung aus modernen und traditionellen Gebäuden und hat sich als zunehmend begehrter Wohnstandort etabliert. Zudem sorgt die Nähe zu großen Gewerbegebieten und der lokalen Infrastruktur für eine gute Versorgung mit Arbeitsplätzen und Dienstleistungen.",,,,D,117,,false,,central_heating,301,4,,8,
Baden_Württemberg,20343784,n,y,https://pictures.immobilienscout24.de/listings/e8bedc6a-935b-4613-a383-68ec43080c9a-1925020771.jpg/ORIG/resize/118x118%3E/extent/118x118/format/webp/quality/73,12,1971,rosenberg,false,,160686138,gas,y,false,y,baden_württemberg,y,6,3,no_information,energy_required,50,stuttgart,70193,no_information,normal,,false,no_information,no_information,n,flow:1,no_information,apartment,,3,n,"2,active",deutschland,top,wohnung_kauf,y,false,7,3,002.01016138144,265000,profile0,west,3,true,n,,Rosenberg,n,n,West,300 - ProWa,2,Stuttgart,https://www.immobilienscout24.de/expose/160686138,2025-07-26,01:16:25,2025-07-25T16:03:59.000+02:00,"Attraktive 3-Zimmer-ETW mit Balkon und Keller, ideal zur Eigennutzung oder Kapitalanlage","Zum Verkauf steht eine gut geschnittene 3-Zimmer-Eigentumswohnung mit ca. 50 m² im 2. Obergeschoss eines gepflegten Mehrfamilienhauses mit 8 Parteien. Das 1971 errichtete Gebäude befindet sich auf einem ca. 507 m² großen Grundstück und ist als Doppelhaushälfte konzipiert.

Die Wohnung (Nr. 6) mit einem Miteigentumsanteil von 124/1000 verfügt über drei separate Zimmer (je ca. 10–14 m²), eine Küche, eine Veranda, ein separates Bad mit Dusche, ein WC sowie einen eigenen Kellerraum und einen zusätzlich exklusiv nutzbaren Abstellbereich im Untergeschoss.

Aktuell ist die Einheit zimmerweise vermietet, eine Räumung ist vor Eigentumsübergang grundsätzlich möglich.

Beheizt wird das Haus über eine Erdgas-Zentralheizung (Baujahr 1977). Die Bewirtschaftungskosten liegen bei ca. 141 €/Monat. Die Instandhaltungsrücklage der Gemeinschaft beträgt ca. 54.277 €.

Die Wohnung ist derzeit mit einer Grundschuld von ca. 70.000 € belastet, die bei entsprechender Bonität übernommen werden kann. Der Zinssatz liegt bei 2,45 % p.a., Laufzeit bis 30.01.2030 (vorbehaltlich Zustimmung der finanzierenden Bank).","- Insgesamt ca. 50 m²
- 3 Zimmer (je ca. 10–14 m²)
- 2. Obergeschoss, rechts
- Küche, Veranda, separates Bad mit Dusche, WC
- Eigener Keller + exklusiver Abstellbereich
- 8-Parteienhaus (DHH), Baujahr 1971
- Grundstück insgesamt ist ca. 507,60 m² groß
- Miteigentumsanteil: 124 / 1.000
- Erdgas-Zentralheizung, Wärmeerzeuger Bj. 1977
- Zimmerweise vermietet (kurzfristig kündbar)
- Bewirtschaftungskosten: ca. 1.693,09 €/Jahr (ca. 141,09 €/Monat)
- Instandhaltungsrücklage knapp über 50.000 €
- Optional: Grundschuld ca. 70.000 € (übernehmbar)
- Darlehen: Zinssatz 2,45 % p.a., Laufzeit bis 30.01.2030","Die Immobilie befindet sich in bester Lage von Stuttgart-West, in der Nähe des beliebten Hölderlinplatz, einem urbanen, lebendigen Viertel mit besonderem Charme. Kleine Cafés, Feinkostläden, Restaurants und individuelle Geschäfte und Manufakturen prägen das Umfeld und schaffen eine persönliche, nachbarschaftliche Atmosphäre.
Die S-Bahn-Haltestelle „Schwabstraße“ liegt nur wenige Schritte entfernt und bietet ideale Anbindungen in alle Richtungen, ob Innenstadt, Hauptbahnhof, Universität oder Flughafen. Es gibt diverse Bus- Haltestellen. 
Einkaufsmöglichkeiten, Ärzte, Apotheken und weitere Einrichtungen des täglichen Bedarfs sind fußläufig erreichbar. Die Umgebung ist geprägt von stilvoller Altbauarchitektur, gewachsenem Stadtleben und hoher Wohnqualität, ein gefragtes Viertel mit besonderer Ausstrahlung.",eyJvcnQiOiJTdHV0dGdhcnQiLCJvcnRzdGVpbCI6IiIsInN0cmFzc2UiOiJTY2h3YWJzdHIuIiwiaGF1c251bW1lciI6IjEwMiIsImtsc2lkIjo5OTQyNjA5LCJoYXVzbnVtbWVyenVzYXR6IjoiQSIsInBseiI6IjcwMTkzIn0%3D,,https://www.telekom.de/festnetz/tarife-und-optionen/internet-dsl,C,,,true,1000 MBit/s,gas_heating,,4,2014,50,
Baden_Württemberg,5394580,n,y,https://pictures.immobilienscout24.de/listings/0c4894ca-4316-42c0-9761-27484556e7c3-1925063805.jpg/ORIG/resize/118x118%3E/extent/118x118/format/webp/quality/73,10,1979,,false,disabled,160688721,oil,n,true,n,baden_württemberg,y,8,3,no_information,energy_consumption,121,esslingen_kreis,73760,fully_renovated,no_information,,false,garage,no_information,n,flow:0,no_information,apartment,,4.5,n,"2,active",deutschland,top,wohnung_kauf,n,false,11,,001.5394580,498000,profile0,ostfildern,4,true,n,,,n,n,Ostfildern,378124,6,Esslingen_Kreis,https://www.immobilienscout24.de/expose/160688721,2025-07-26,01:16:28,2025-07-25T18:55:51.000+02:00,"PROVISIONSFREI / 4,5-Zimmer-Wohnung zum Wohlfühlen - Ruheoase mit Weitblick","Willkommen in Ihrem neuen Zuhause. Diese großzügige 4,5-Zimmer Wohnung befindet sich
in einem 6-Parteien-Haus aus dem Jahr 1979, welches selbstverständlich mit der Zeit modernisiert wurde. Die ca. 121 qm Wohnfläche bieten ausreichend Platz für eine Familie.
Den Lebensmittelpunkt stellt der lichtdurchflutete Wohn-und Essbereich - von
hier aus haben Sie Zugang zu der Terrasse mit herrlichem Ausblick über
Ostfildern-Scharnhausen. Das Bad ist mit einer Dusche ausgestattet. Ein großes Schlafzimmer, zwei Kinderzimmer, ein Gäste-WC sowie eine Abstellkammer runden das Raumangebot ab. Alle Räume verfügen über Tageslicht.
Zwei abschließbare Einzelgaragen mit einem elektrischen Tor sind im Kaufpreis bereits enthalten.",,"Die Wohnung befindet sich im ruhigen Stadtteil Scharnhausen, ca. 1 km südlich des Scharnhauser Parks [bekannt für die Flammenden Sterne und die Landesgartenschau] und liegt in einer reinen Anliegerstraße, begrenzt auf 30 km/h.
Einkaufsmöglichkeiten für den täglichen Bedarf befinden sich im Ort [Marktkauf].
Die Buslinien 120 und 122 bringen Sie regelmäßig nach Esslingen und Stuttgart.
Die U-Bahnhaltestelle [Linie U7 und U8] erreichen Sie mit dem Bus [120 und 122] binnen 5 Minuten.
Mit dem Auto erreicht man in wenigen Minuten die A8 [5 Minuten], den Flughafen Stuttgart [5-10 Minuten], sowie die Messe Stuttgart [5-10 Minuten].
Eine Grundschule und Kindergärten finden Sie ebenfalls direkt im Ort - das Schulzentrum [Realschule, Gymnasien, etc.] befindet sich in Ostfildern-Nellingen [ca. 5 Km].
Infrastruktur (im Umkreis von 5 km):
Apotheke, Lebensmittel-Discount, Allgemeinmediziner, Kindergarten, Grundschule, Hauptschule, Realschule, Gymnasium, Gesamtschule, Öffentliche Verkehrsmittel",,2,,D,128,,false,,central_heating,583,3,,,
Baden_Württemberg,584021,n,y,https://pictures.immobilienscout24.de/listings/f20a6f06-c915-4a2a-93dc-5f70598dac00-1925043363.jpg/ORIG/resize/118x118%3E/extent/118x118/format/webp/quality/73,6,2016,heumaden,false,disabled,160687569,pellet_heating,y,true,y,baden_württemberg,n,9,9,no_information,energy_required,120,stuttgart,70619,mint_condition,no_information,,false,underground_garage,no_information,y,flow:0,no_information,ground_floor,,4.5,n,"2,active",deutschland,premium,wohnung_kauf,n,false,11,0,001.584021,690000,profile0,sillenbuch_bezirk,4,true,y,,Heumaden,n,n,Sillenbuch_Bezirk,40-12788,5,Stuttgart,https://www.immobilienscout24.de/expose/160687569,2025-07-26,01:16:32,2025-07-25T17:20:15.000+02:00,Moderner Familientraum mit Garten - barrierefrei!,"Aufteilung/Ausstattung:

 
Willkommen in Ihrem zukünftigen Zuhause! Diese wunderschöne Wohnung bietet Ihnen nicht nur großzügigen Wohnraum, sondern auch eine Vielzahl hochwertiger Details, die für Komfort und Stil sorgen. Mit 4,5 Zimmern, edlen hellen Fliesen, bodentiefen Kunststofffenstern, einem großen Tageslichtbad und der modernen offenen Küche ist diese Wohnung ein absolutes Juwel. 
 
Beim Betreten der Wohnung werden Sie sofort von der freundlichen und einladenden Atmosphäre empfangen. Die kurze Diele mit Gäste-WC öffnet sich schnell zu einem großen hellen Wohnbereich mit offener Küche. Die hochwertige Küche mit modernen Geräten, stilvollen Oberflächen und viel Stauraum ist der perfekte Ort, um kulinarische Köstlichkeiten zu zaubern und gemeinsame Mahlzeiten mit der Familie zu genießen.

Zwischen Essplatz und gemütlicher Sofaecke ist der praktische Ausgang zur großen überdachten Terrasse mit dem sonnigen und pflegeleichten Gartenanteil. Ein Traum für Familien zum Grillen, Spielen und Relaxen. 

Ein vom Wohnbereich abgehender Flur schafft eine optische Trennung der Schlafräume und des großzügigen Badezimmers. Die drei gut geschnittenen Räume sind zwischen 12 und 15 m² groß und lassen sich so flexibel und vielseitig nutzen. Zwei der drei Räume und das Bad verfügen über bodentiefe Fenster mit elektrischen Rollläden. Das moderne Bad mit großen weißen Wandfliesen und anthrazitfarbenen Bodenfliesen ist mit Badewanne, bodengleicher Dusche, zwei Waschtischen und WC familientauglich ausgestattet. 

Am Ende des Flurs gibt es noch einen praktischen Abstellraum für alles was dezent verschwinden soll. So haben Sie überall genügend Platz für Ihre individuellen Bedürfnisse.

Die hochwertige Ausstattung mit elektrischen Rollläden an allen bodentiefen Fenstern, kontrollierter Be- und Entlüftung, sowie Fußbodenheizung mit Einzelsteuerung für jeden Raum machen die Wohnung ebenso komfortabel wie sicher. 

Bezug/Sonstiges:

Zur Wohnung gehören ein Keller und ein TG-Stellplatz. Die Waschküche mit Waschmaschinenanschluss und der Fahrradraum werden gemeinschaftlich genutzt. Ein weiterer Pluspunkt dieser Wohnung ist der barrierefreie Zugang und der Aufzug bis in den Keller und die Tiefgarage. Ein Hausmeisterservice bietet zusätzlichen Komfort. Der Anschluss ans Glasfasernetz ist bereits im Haus und auf Wunsch für die Wohnung verfügbar.Die Wohnung wird im Sommer frei und ist ohne große Renovierungsarbeiten beziehbar.  

Kommen Sie vorbei und überzeugen Sie sich selbst von diesem charmanten und stilvollen Zuhause!",,"Diese topmoderne Wohnanlage in Stuttgart-Heumaden, den begehrten Höhenlagen des Wirtschaftsraums Stuttgarts, bietet eine perfekte Kombination aus urbaner Nähe und naturnahem Wohnen. Der Flughafen, die Messe Stuttgart und die Autobahn A8 sind mit dem Auto in wenigen Fahrtminuten erreichbar, zur U-Bahn-Station Heumaden (Bockelstraße) sind es nur 3 Gehminuten. Mit der Stadtbahn oder dem Bus erreichen Sie das Stuttgarter Stadtzentrum in nur etwa 15 Minuten. Zudem lädt das nahegelegene Naherholungsgebiet rund um den Fernsehturm, der Waldaupark, zu Entspannung und Freizeitaktivitäten ein.

Suttgart-Heumaden, ein kleiner Stadtteil, der für seine ruhige und grüne Lage bekannt ist, grenzt an S-Sillenbuch und S-Riedenberg und bietet somit alles für den täglichen Bedarf: Supermärkte, Einzelhandel, Gastronomie und eine beste gesundheitliche Versorgung mit Ärzten und Apotheken. Für Familien sind Kindertageseinrichtungen und Schulen genauso zu Fuß erreichbar wie zahlreiche Sporteinrichtungen und die Jugendfarm.",,1,,A,42.1,,false,,floor_heating,442,,,,true
Baden_Württemberg,15585885,n,y,https://pictures.immobilienscout24.de/listings/bc906a6c-8099-4fc3-9b59-a12467f74a4f-1924922137.jpeg/ORIG/resize/118x118%3E/extent/118x118/format/webp/quality/73,18,1961,mönchfeld,false,disabled,160679796,gas,y,true,y,baden_württemberg,y,5,2,no_information,energy_consumption,70,stuttgart,70378,need_of_renovation,no_information,,false,no_information,no_information,y,flow:0,no_information,apartment,,3,n,"2,active",deutschland,top,wohnung_kauf,n,false,19,,002.01002843025,239000,profile0,mühlhausen_bezirk,3,true,n,showqualicontactform,Mönchfeld,n,n,Mühlhausen_Bezirk,126-00190,3,Stuttgart,https://www.immobilienscout24.de/expose/160679796,2025-07-26,01:16:36,2025-07-25T12:20:32.000+02:00,"Helle 3-Zimmer-Wohnung mit Balkon und Garage in ruhiger Lage von Stuttgart-Mönchfeld!
","Diese helle, perfekt geschnittene 3-Zimmer-Wohnung befindet sich im 6. Obergeschoss eines gepflegten Mehrfamilienhauses mit Aufzug im beliebten Stuttgarter Stadtteil Mönchfeld. Die Wohnung überzeugt durch ihre großzügige Raumaufteilung, eine angenehme Helligkeit in allen Räumen sowie durch ihren großen Gestaltungsspielraum.

Die ca. 70 m² Wohnfläche verteilen sich auf ein lichtdurchflutetes Wohnzimmer mit Zugang zum Balkon, zwei gut proportionierte Schlafzimmer, eine separate Küche mit Einbauküche sowie ein großzügiges Bad mit Badewanne. Durch die durchdachte Aufteilung eignet sich die Wohnung ideal für Paare, kleine Familien oder auch Senioren.

Die Wohnung befindet sich in einem renovierungsbedürftigen Zustand. Sie bietet jedoch eine solide bauliche Basis und viel Raum für individuelle Umbau- und Gestaltungsideen.

Ausstattung im Überblick
	•	3-Zimmer-Wohnung mit ca. 70 m² Wohnfläche
	•	Heller, freundlicher Wohnbereich mit Balkonzugang
	•	Balkon mit Weitblick
	•	Großzügiges Bad mit Badewanne, Waschtisch und WC
	•	Separate Küche mit Einbauküche
	•	Kunststofffenster (ca. 20 Jahre alt)
	•	Lynoleum- und Fliesenböden
	•	Personenaufzug – barrierefreier Zugang
	•	Zentralheizung (Gas / Blockheizkraftwerk)
	•	Abgeschlossener Kellerraum
	•	Wasch- und Trockenraum zur gemeinschaftlichen Nutzung
	•	Tiefgaragenstellplatz – separat abschließbar
	•	Fahrradabstellraum
	•	Hausmeisterservice


Die Wohnung ist sofort bezugsfrei. Sie bietet ein hervorragendes Preis-Leistungs-Verhältnis für Käufer, die den Charme eines älteren Grundrisses zu schätzen wissen und mit kreativen Ideen ein Zuhause nach eigenen Vorstellungen gestalten möchten.","Individuelle Ausstattungsmerkmale:

- Garage

Objektdaten
	
	•	Zimmer: 3
	•	Wohnfläche: ca. 70 m²
	•	Etage: 6. Obergeschoss (mit Aufzug)
	•	Baujahr: 1961
	•	Zustand: renovierungsbedürftig
	•	Bezug: sofort möglich
	•	Fenster: Kunststoff-Isolierglasfenster, ca. 20 Jahre alt
	•	Heizung: Gas-Zentralheizung (Blockheizkraftwerk)
	•	Energieausweis: Verbrauchsausweis, 97 kWh/(m²*a), Effizienzklasse C
	•	Stellplatz: Tiefgaragenstellplatz, einzeln abschließbar","Stuttgart-Mönchfeld ist ein ruhiger, naturnaher Stadtteil im Nordosten der Landeshauptstadt, der vor allem durch seine Wohnqualität und gute Infrastruktur überzeugt. Die Wohnung liegt in einer gepflegten Wohnanlage mit viel Grün und kurzen Wegen zur Stadtbahnhaltestelle der Linie U7, die eine direkte Verbindung in die Innenstadt, nach Bad Cannstatt oder zum Hauptbahnhof bietet.

Im nahen Umfeld befinden sich Einkaufsmöglichkeiten, Apotheken, Ärzte, Kitas und Schulen, die bequem zu Fuß oder mit dem Fahrrad erreichbar sind. Der Max-Eyth-See, Felder und Spazierwege in der Umgebung bieten einen hohen Freizeitwert für alle, die Natur und Erholung schätzen.

Die Lage kombiniert ruhiges Wohnen im Grünen mit schneller urbaner Anbindung – ideal für Familien, Berufstätige und Senioren gleichermaßen.",eyJvcnQiOiJTdHV0dGdhcnQiLCJvcnRzdGVpbCI6IiIsInN0cmFzc2UiOiJN9m5jaGZlbGRzdHIuIiwiaGF1c251bW1lciI6IjExMCIsImtsc2lkIjozNjQ3ODY3LCJoYXVzbnVtbWVyenVzYXR6IjoiIiwicGx6IjoiNzAzNzgifQ%3D%3D,,https://www.telekom.de/festnetz/tarife-und-optionen/internet-dsl,C,97,,true,6 MBit/s,central_heating,293,,,,
Baden_Württemberg,19844566,n,y,https://pictures.immobilienscout24.de/listings/fc5d5d1f-71a8-4107-85b9-e4c4b3ba5c2f-1895207594.jpg/ORIG/resize/118x118%3E/extent/118x118/format/webp/quality/73,16,,,false,disabled,158508581,,y,false,y,baden_württemberg,y,9,,no_information,,140,esslingen_kreis,70771,well_kept,normal,,false,garage,no_information,n,flow:0,no_information,roof_storey,,3.5,n,"2,active",deutschland,top,wohnung_kauf,n,false,19,2,002.01013303514,625000,profile0,leinfelden_echterdingen,3,true,n,showqualicontactform,,n,n,Leinfelden_Echterdingen,158508581,6,Esslingen_Kreis,https://www.immobilienscout24.de/expose/158508581,2025-07-26,01:16:40,2025-07-25T17:23:59.000+02:00,Großzügige Loft-Wohnung über 2 Ebenen,"Die Wohnung befindet sich in einem sehr gepflegten Mehrfamilienhaus in den oberen beiden Etagen. Es erwartet Sie ein offener großzügiger Wohn-Essbereich mit Kamin und Zugang zur Dachterrasse. Die an den Essbereich angrenzende Küche ist ebenfalls offen gestaltet. Ein praktischer Abstellraum befindet sich direkt neben der Küche. Auf dieser Ebene gibt es neben dem geräumigen Eingangsbereich auch noch ein Gäste-WC. Auf der unteren Etage sind die beiden Schlafzimmer mit jeweils einem Balkon zu finden. Eines der Schlafzimmer hat direkten Zugang zum Duschbad mit WC. Das Hauptbad mit Dusche, Badewanne und Doppelwaschtisch ist vom Flur aus begehbar. Von einem hellen offenen Bereich gelangen Sie wieder in den Wohnbereich und auf die Empore, die über eine nachträglich eingebaute Treppe begehbar ist. 
Ein Keller der mit der Garage verbunden ist gehört ebenfalls zum Angebot.","großes Wohn-Esszimmer mit offenem Kamin und Zugang zur Dachterrasse
offene Küche
Eingangsbereich mit Garderobe und Gäste-WC
Abstellkammer neben Küche
Arbeitsbereich offen
Empore
Schlafzimmer mit Duschbad und kleinem Balkon
Kinderzimmer mit Balkon
Hauptbad mit Dusche und Badewanne
Garage mit großem angrenzendem Keller",,eyJvcnQiOiJMZWluZmVsZGVuLUVjaHRlcmRpbmdlbiIsIm9ydHN0ZWlsIjoiIiwic3RyYXNzZSI6IkhhbnMtQnL8bW1lci1QbGF0eiIsImhhdXNudW1tZXIiOiIxIiwia2xzaWQiOjg1NjI0MTMsImhhdXNudW1tZXJ6dXNhdHoiOiIiLCJwbHoiOiI3MDc3MSJ9,1,https://www.telekom.de/festnetz/tarife-und-optionen/internet-dsl,,,1,true,250 MBit/s,no_information,,3,,,
Baden_Württemberg,18971989,n,n,https://pictures.immobilienscout24.de/listings/9bb531e5-3c07-4613-bd5c-2d8ad7d876ba-1924981733.jpeg/ORIG/resize/118x118%3E/extent/118x118/format/webp/quality/73,13,1900,veielbrunnen,false,,160679766,gas,n,false,y,baden_württemberg,y,4,1,no_information,energy_consumption,43.2,stuttgart,70372,no_information,sophisticated,,false,no_information,no_information,n,flow:0,no_information,apartment,,1,n,"2,active",deutschland,premium,wohnung_kauf,n,false,7,,009.95123f6b-da9d-4270-9e83-9313281e8a79,199000,profile0,bad_cannstatt,1,true,n,,Veielbrunnen,n,n,Bad_Cannstatt,160679766,2,Stuttgart,https://www.immobilienscout24.de/expose/160679766,2025-07-26,01:16:44,2025-07-25T14:36:57.000+02:00,Erstbezug nach Renovierung – Zuhause oder Kapitalanlage mit Zukunft in Cannstatt Veielbrunnen.,,"Frisch renoviert mit stilvollem Feinschliff

Moderne Elektrik & Leitungen – bereit für die nächsten Jahrzehnte

Gedämmte Fassade & neu gedecktes Dach (innerhalb der letzten 20 Jahre)

Ruhige Sackgassenlage – kein Durchgangsverkehr, viel Lebensqualität

Top-Infrastruktur – alles fußläufig: Einkauf, Bahn, Wasen, Stadion, City

Zukunftspotenzial durch angrenzendes Neubaugebiet mit neuer Infrastruktur","Eine Straße, wie man sie sich wünscht: ruhig, sicher, familiär. Kein Durchgangsverkehr, nur Anwohner. Und trotzdem ist hier alles nah:

Einkaufsmöglichkeiten, Bäckereien, Kindergärten, Schulen und ÖPNV sind in wenigen Minuten erreichbar – auch zu Fuß.

Durch das direkt angrenzende Neubauareal wächst das Viertel dynamisch weiter – mit neuer Infrastruktur, die bereits heute den Wert dieser Lage steigert.

Und das Beste:

- Cannstatter Wasen und das MHP-Stadion sind nur einen Spaziergang entfernt.

- Bahnhof Bad Cannstatt: 12 Minuten zu Fuß.

-Kaufland, Carre, Rewe & Co. – direkt ums Eck.",eyJvcnQiOiJTdHV0dGdhcnQiLCJvcnRzdGVpbCI6IiIsInN0cmFzc2UiOiJSZWljaGVuYmFjaHN0ci4iLCJoYXVzbnVtbWVyIjoiNTAiLCJrbHNpZCI6MTU0NjQ2NDAsImhhdXNudW1tZXJ6dXNhdHoiOiIiLCJwbHoiOiI3MDM3MiJ9,,https://www.telekom.de/festnetz/tarife-und-optionen/internet-dsl,,120,,true,175 MBit/s,gas_heating,,,2025,,true
Baden_Württemberg,18578918,n,y,https://pictures.immobilienscout24.de/listings/1d4963a6-38bf-45b3-84ee-a7d9d775007c-1924907498.jpg/ORIG/resize/118x118%3E/extent/118x118/format/webp/quality/73,1,1971,feuerbach_mitte,true,,160679002,no_information,y,false,n,baden_württemberg,y,9,3,no_information,,112,stuttgart,70469,no_information,sophisticated,,false,outside,no_information,n,flow:0,no_information,terraced_flat,,4,n,"2,active",deutschland,standard,wohnung_kauf,n,true,7,0,009.8c1977d9-d417-44bd-86ed-720c67da90e0,650000,profile1_listingtype,feuerbach,4,true,y,,Feuerbach_Mitte,n,n,Feuerbach,160679002,5,Stuttgart,https://www.immobilienscout24.de/expose/160679002,2025-07-26,01:16:47,2025-07-25T11:56:10.918+02:00,Erdgeschoss : 4.0-Zimmer Wohnung in Stuttgart,"Bei dieser ansprechenden Immobilie handelt es sich um eine Wohnung, die sich durch eine gehobene Innenausstattung auszeichnet. In der Wohnung stehen vier hübsche Zimmer zur freien Entfaltung zur Verfügung. Bei der Heizungsart des Apartments, das sich in einem 1971 erbauten Haus befindet, handelt es sich um eine Zentralheizung. Besonders attraktiv wird das Apartment dadurch, dass es nicht nur einen Balkon gibt, sondern Sie auch im zugehörigen Garten die frische Luft genießen können. Die Einbauküche bietet Platz für Kochutensilien wie Töpfe, Pfannen und Besteck. Für weiteren Stauraum sorgt außerdem der praktische Kellerraum.",,,eyJvcnQiOiJTdHV0dGdhcnQiLCJvcnRzdGVpbCI6IiIsInN0cmFzc2UiOiJJbSBLYXBwZWxmZWxkIiwiaGF1c251bW1lciI6IjE1Iiwia2xzaWQiOjk5NDk5ODUsImhhdXNudW1tZXJ6dXNhdHoiOiIiLCJwbHoiOiI3MDQ2OSJ9,1,https://www.telekom.de/festnetz/tarife-und-optionen/internet-dsl,,,,true,175 MBit/s,central_heating,,,2020,,
Baden_Württemberg,17359006,n,y,https://pictures.immobilienscout24.de/listings/bf3ca1cf-7c57-413f-a83c-2847f375e0a7-1925063853.jpg/ORIG/resize/118x118%3E/extent/118x118/format/webp/quality/73,22,1964,st._bernhardt,false,disabled,160688723,gas,n,false,y,baden_württemberg,y,5,2,no_information,energy_required,59,esslingen_kreis,73732,well_kept,no_information,,false,no_information,no_information,n,flow:0,no_information,apartment,,3,n,"2,active",deutschland,top,wohnung_kauf,n,false,7,2,009.e4688b69-db30-45ad-8100-ccaf94d29b30,219000,profile0,esslingen_am_neckar,3,true,n,,St._Bernhardt,n,n,Esslingen_am_Neckar,10179,2,Esslingen_Kreis,https://www.immobilienscout24.de/expose/160688723,2025-07-26,01:16:50,2025-07-25T18:56:29.218+02:00,Komfortable 3-Zimmer-Wohnung mit Südbalkon – bald bezugsfrei,"Willkommen in Ihrem neuen Zuhause! Diese einladende 3-Zimmer-Wohnung erstreckt sich über ca. 59 m² Wohnfläche und befindet sich in einem gepflegten Mehrfamilienhaus. Die Wohnung überzeugt mit durchdachter Raumaufteilung, einem angenehmen Wohnambiente und einer hervorragenden Lage.

*Wohn- und Essbereich mit Balkon*:
Das helle Wohnzimmer bildet das Herzstück der Wohnung. Mit ausreichend Platz für einen gemütlichen Sitzbereich und einem großzügigen Essplatz lädt dieser Raum zum Entspannen und Verweilen ein. Durch die großen Fenster strömt viel Tageslicht, das eine angenehme Atmosphäre schafft. Von hier aus gelangen Sie auf den sonnigen Süd-West-Balkon – perfekt, um die Abendsonne zu genießen oder für das Frühstück im Freien.

*Schlaf- und Kinderzimmer*:
Das Hauptschlafzimmer bietet Ihnen genügend Platz für ein großes Bett, einen Kleiderschrank und zusätzliche Möbel. Das zweite Zimmer ist ideal als Kinder-, Gäste- oder Arbeitszimmer nutzbar und bietet durch seine angenehme Größe zahlreiche Gestaltungsmöglichkeiten.

*Separate Küche mit optimaler Nutzung*:
Die separate Küche bietet viel Raum für effizientes Kochen. Bitte beachten Sie, dass die derzeitige Einbauküche im Besitz der Mieterin ist und nicht mitverkauft wird, was Ihnen die Möglichkeit zur eigenen Gestaltung eröffnet.

*Tageslichtbad mit Badewanne*:
Das helle Badezimmer überzeugt mit seinem Fenster, das für natürliche Belüftung und Tageslicht sorgt. Die Ausstattung umfasst eine Badewanne, ein WC und ein Waschbecken.

*Zusätzliche Annehmlichkeiten*:
Zur Wohnung gehört ein geräumiger Kellerraum, der Ihnen zusätzlichen Stauraum für Ihre persönlichen Gegenstände bietet. Ein Stellplatz, der für 15.000 € erworben werden kann, rundet dieses Angebot ab und sorgt für stressfreies Parken.",,"Die Wohnung befindet sich im Esslinger Stadtteil Hohenkreuz, einer begehrten und ruhigen Wohngegend, die durch ihre Nähe zur Natur und gleichzeitig gute Anbindung an die städtische Infrastruktur überzeugt. Hohenkreuz bietet eine hervorragende Lebensqualität mit einer Kombination aus idyllischen Grünflächen und einer schnellen Erreichbarkeit von Esslingens Zentrum sowie umliegenden Städten.

- Die Autobahn A 8 ist in ca. 20 Autominuten erreichbar und ermöglicht schnelle Verbindungen nach Stuttgart und Ulm.
- Die nächste Bushaltestelle befindet sich nur etwa 2 Gehminuten entfernt, sodass eine sehr gute Anbindung an den öffentlichen Nahverkehr besteht.
- Der Esslinger Hauptbahnhof ist mit den öffentlichen Verkehrsmitteln in ca. 10 Minuten erreichbar, was eine bequeme Anbindung an die Innenstadt und überregionale Ziele ermöglicht.
- Supermärkte wie EDEKA sind in ca. 3 Minuten zu Fuß erreichbar, sodass der tägliche Einkauf problemlos erledigt werden kann.
- Kitas und Schulen befinden sich in der näheren Umgebung, was die Lage besonders für Familien attraktiv macht.
- Die Umgebung von Hohenkreuz zeichnet sich durch zahlreiche Grünflächen und Naherholungsgebiete aus, die zu ausgedehnten Spaziergängen und sportlichen Aktivitäten einladen.
- Das malerische Stadtzentrum von Esslingen mit zahlreichen Restaurants, Geschäften und kulturellen Einrichtungen ist nur ca. 10 Minuten mit dem Auto entfernt.
- Mit seiner ruhigen Lage und der hervorragenden Anbindung an die Stadt bietet Hohenkreuz eine ideale Kombination aus städtischem Komfort und naturnaher Lebensqualität.",eyJvcnQiOiJFc3NsaW5nZW4gYW0gTmVja2FyIiwib3J0c3RlaWwiOiIiLCJzdHJhc3NlIjoiQnJ1Y2tuZXJ3ZWciLCJoYXVzbnVtbWVyIjoiMTAiLCJrbHNpZCI6MTIzNzE5NjYsImhhdXNudW1tZXJ6dXNhdHoiOiIiLCJwbHoiOiI3MzczMiJ9,1,https://www.telekom.de/festnetz/tarife-und-optionen/internet-dsl,C,80,,true,100 MBit/s,self_contained_central_heating,290,,,,
Baden_Württemberg,189949,n,y,https://pictures.immobilienscout24.de/listings/e75da31f-500b-4247-9d58-0f8901a971b3-1925037431.jpg/ORIG/resize/118x118%3E/extent/118x118/format/webp/quality/73,15,1992,möhringen_nord,false,,160687146,gas,y,false,y,baden_württemberg,y,7,5,no_information,energy_consumption,68.25,stuttgart,70567,well_kept,normal,,false,no_information,no_information,n,flow:1,no_information,maisonette,,3,n,"2,active",deutschland,top,wohnung_kauf,n,false,19,,001.189949,310000,profile0,möhringen,3,true,n,showqualicontactform,Möhringen_Nord,n,n,Möhringen,160687146,3,Stuttgart,https://www.immobilienscout24.de/expose/160687146,2025-07-26,01:16:54,2025-07-25T16:59:44.000+02:00,Wohnoase auf zwei Ebenen - Stilvolle 3-Zimmer-Maisonette in Möhringen,"Entdecken Sie Ihr neues Zuhause in Stuttgart-Möhringen! 

Diese charmante 3-Zimmer-Maisonette befindet sich in einem gepflegten Mehrfamilienhaus, welches 1992 errichtet wurde. Hier finden Paare, oder  Einzelpersonen ihre ganz persönliche Wohlfühloase.

Die Wohnung präsentiert sich in einem sehr gepflegten Zustand und überzeugt mit hellen Räumlichkeiten sowie einem modernen Grundriss.

Beim Betreten der Wohnung gelangen Sie in den unteren Bereich der Maisonette. Auf dieser Ebene befinden sich ein gemütliches Schlafzimmer mit einem kleinen Balkon, ein hell gefliestes Badezimmer und ein separates WC. Das Badezimmer ist mit einer Wanne, einem Waschtisch sowie einem Stellplatz für die Waschmaschine ausgestattet. Über die Holztreppe gelangen Sie auf die obere Etage der Wohnung. Hier werden Sie direkt von dem zur Küche offenen Wohnbereich begrüßt. Die großen Fenster im Wohnzimmer sowie das Dachlukenfenster über der Küche lassen viel Licht in den Raum und schaffen eine gemütliche Wohnatmosphäre. Ein weiteres Zimmer auf dieser Etage, welches derzeit als Esszimmer genutzt wird, grenzt direkt an Küche und Wohnbereich an.
Direkt von dem Wohnzimmer aus gelangen Sie zu dem Herzstück der Wohnung: Die große Terrasse mit Weitblick. Hier können Sie endlose Stunden im Freien mit Familie oder Freunden verbringen. Die Pergola ermöglicht es Ihnen ebenefalls zur Mittagszeit auf der Terasse ein schattiges Plätzchen genießen zu können.

Ein Kellerabteil im Untergeschoss rundet das Angebot ab.

Die Wohnung hat Ihr Interesse geweckt? Dann vereinbaren Sie jetzt einen persönlichen Besichtigungstermin. Wir freuen uns auf Sie!","+ große Terasse mit Weitblick
+ ein weiterer Balkon am Schlafzimmer
+ offene Einbauküche
+ Waschmaschinenstellplatz im Bad
+ separates WC
+ Keller 
+ Hausmeisterservice
+ Nahe des Bahnhofs Möhrigen","Herzlich Willkommen in Stuttgart-Möhringen! 

Diese schöne 3-Zimmer Wohnung befindet sich zentral und ruhig gelegen im Stuttgarter Stadtteil Möhringen. Hier ist ein großzügiges Angebot an Einkaufsmöglichkeiten als auch öffentlichen Einrichtungen wie Schulen, Kindergärten, einem Freibad und einem Hallenbad vorhanden. Restaurants, Cafés sowie Ärzte oder Apotheken sind fußläufig zu erreichen. Die Nähe zum Bahnhof Möhringen gewährleistet eine erstklassige Anbindung an die öffentlichen Verkehrsmittel und ermöglicht somit eine direkte Verbindung an den Stuttgarter Hauptbahnhof. Möhringen zeichnet sich durch seine moderne Sozial- und Infrastruktur aus und macht sich durch die Nähe zum Flughafen und Stuttgarts größten Freizeit- und Musicalprojekt, dem SI-Centrum zu einem beliebten Stadtteil.",eyJvcnQiOiJTdHV0dGdhcnQiLCJvcnRzdGVpbCI6IiIsInN0cmFzc2UiOiJCYWxpbmdlciBTdHIuIiwiaGF1c251bW1lciI6IjU5Iiwia2xzaWQiOjU4OTM4OTAsImhhdXNudW1tZXJ6dXNhdHoiOiIiLCJwbHoiOiI3MDU2NyJ9,,https://www.telekom.de/festnetz/tarife-und-optionen/internet-dsl,D,102,,true,250 MBit/s,central_heating,,,,,
Baden_Württemberg,15585885,n,y,https://pictures.immobilienscout24.de/listings/d04df9eb-e81c-4a8b-b80a-5a9c2df9cbaa-1924922487.jpeg/ORIG/resize/118x118%3E/extent/118x118/format/webp/quality/73,20,1969,hohe_warte,false,disabled,160679808,district_heating,y,true,y,baden_württemberg,y,6,2,no_information,energy_consumption,80.85,stuttgart,70469,modernized,no_information,,false,underground_garage,no_information,y,flow:0,no_information,apartment,,3,n,"2,active",deutschland,premium,wohnung_kauf,n,false,19,,002.01002843025,275000,profile0,feuerbach,3,true,n,showqualicontactform,Hohe_Warte,n,n,Feuerbach,126-00188,3,Stuttgart,https://www.immobilienscout24.de/expose/160679808,2025-07-26,01:16:58,2025-07-25T12:20:49.000+02:00,3-Zimmer-Wohnung mit Balkon & Garage in Stuttgart-Feuerbach!,"Die schöne und gut geschnittene 3-Zimmer Wohnung mit Aufzug befindet sich im 5. OG eines gepflegten Mehrfamilienhauses, in ruhiger und angenehmer Wohnlage am Waldrand von Stuttgart-Feuerbach.

Zu der angebotenen Wohnung gehört ein sonniger, gemütlicher und überdachter Balkon mit herrlichem Blick ins Grüne - hier ist Wohlfühlen angesagt!

Die Wohnung verfügt zusätzlich über zwei praktische Abstellräume – einen im Treppenhaus und einen im Untergeschoss – sowie über eine komfortable Einzelgarage direkt vor dem Haus.","Individuelle Ausstattungsmerkmale:

- 1 PKW-Stellplatz in der Tiefgarage

Die hier zum Verkauf stehende und 1989 umfassend modernisierte Wohnung, verfügt über ein helles, gut geschnittenes Wohn- und Esszimmer mit großer Fensterfront sowie Zugang zum Balkon,  eine geräumige Küche, ein Schlafzimmer,  ein Kinderzimmer, Diele/Eingangsbereich, ein Badezimmer mit Badewanne, Waschtisch und Waschmaschinenschluss sowie ein separates WC.

Zur weiteren Ausstattung gehören:
- Einbauküche im Landhausstil (2005)
- Aufzug
- Fernwärme
- Kunststoffisolierglasfenster mit Rollläden (1989)
- Holzinnentüren
- Abstellraum im Treppenhaus
- Müllschlucker im Treppenhaus
- Haussprechanlage
- Kabelfernsehen

Zur allgemeinen Nutzung stehen ein Trockenraum und ein Fahrradraum zur Verfügung.

Die Wohnung wird derzeit von den Eigentümern bewohnt und wird spätestens im März 2027 frei.","Stuttgart-Feuerbach gehört zu einer der immer beliebter werdenden Wohngegenden von Stuttgart. Feuerbach bietet eine sehr gute Infrastruktur mit sämtlichen Einkaufs- und Einkehrmöglichkeiten, ein breitgefächertes Schul- und Bildungsangebot, zahlreiche Freizeit- und Sportangebote, sowie ein hervorragendes kulturelles Angebot und beste ärztliche Versorgung. Eine Stadt mit hoher Lebensqualität. Feuerbach liegt an der B10, B27 und B295, über die eine Anbindung an die A81 und A8 besteht. Die Anbindung an öffentliche Verkehrsmittel ist hervorragend. In unmittelbarer Nähe zur Wohnung liegen Bus- und U-Bahn-Haltestellen. Die S-Bahnlinien S4, S5 und S6 sowie die Stadtbahnlinien U6, U7, U13 und U15 erschließen den Bezirk im öffentlichen Nahverkehr. Zusätzlich gibt es noch innerstädtische Buslinien.",eyJvcnQiOiJTdHV0dGdhcnQiLCJvcnRzdGVpbCI6IiIsInN0cmFzc2UiOiJUcmllYndlZyIsImhhdXNudW1tZXIiOiIxMjUiLCJrbHNpZCI6OTk0MDU4OSwiaGF1c251bW1lcnp1c2F0eiI6IiIsInBseiI6IjcwNDY5In0%3D,1,https://www.telekom.de/festnetz/tarife-und-optionen/internet-dsl,C,81,,true,100 MBit/s,,,,,,true
Baden_Württemberg,508397,n,y,https://pictures.immobilienscout24.de/listings/c4afc41d-5044-4ef2-9c6e-64ac4e639ba3-1925034823.jpg/ORIG/resize/118x118%3E/extent/118x118/format/webp/quality/73,35,1977,südheim,false,disabled,160686943,natural_gas_light,n,true,y,baden_württemberg,y,5,3,no_information,energy_consumption,69.64,stuttgart,70199,need_of_renovation,simple,,false,no_information,no_information,y,flow:0,no_information,maisonette,,2,n,"2,active",deutschland,top,wohnung_kauf,n,false,17,,001.508397,238000,profile0,süd,2,true,n,showqualicontactform,Südheim,n,n,Süd,VBS-3407-TG-25,3,Stuttgart,https://www.immobilienscout24.de/expose/160686943,2025-07-26,01:17:01,2025-07-25T16:50:46.000+02:00,Individuelle Stadtwohnung mit viel Potenzial,"In zentraler Wohnlage von Stuttgart-Heslach, unweit des Erwin-Schöttle-Platzes, im Dachgeschoss eines ca. 1977 erbauten und gepflegten Appartementhauses, befindet sich diese individuell aufgeteilte 2-Zimmer-Galeriewohnung mit Dachterrasse und Blick zur Weinsteige.

Die Wohnung ist hell und und freundlich gestaltet und bietet viel Potenzial für eigene Ideen. Ein entsprechendes Budget dafür sollte in jedem Fall eingeplant werden, da sich die Wohnung in einem baujahrestypischen und modernisierungsbedürftigem Zustand befindet.

Für Annehmlichkeiten im Haus sorgt ein Kehrwochendienst und ein Aufzug, Abstellmöglichkeiten außerhalb der Wohnung bietet ein praktischer Kellerraum, öffentliche Parkmöglichkeiten sind an der Straße vorhanden. Die Wohnung ist frei und kann sofort übernommen werden.",,"Stuttgart-Süd

Der kontrastreiche Stadtbezirk Süd entstand 1956 in seiner heutigen Ausdehnung aus dem gleichnamigen Stadtteil Stuttgart-Süd einschließlich des seinerzeit nicht mehr abgegrenzten Wohnbezirks Heslach und dem Stadtteil Kaltental. Heute besteht der Stadtbezik aus den sieben Stadtteilen Bopser, Lehen, Weinsteige, Karlshöhe, Heslach, Südheim und Kaltental. 

Am Fuße eines hügeligen Geländes gelegen, liegt der Hauptteil der Bebauung im Tal, wobei sich Teile der Bebauung mit bürgerlichen Wohnhäusern mit reich geschmückten Fassaden und Villen die Hänge hoch entwickeln. Vier- bis fünfstöckige Wohnblöcke reihen sich an den Straßenzügen entlang und beeindrucken stellenweise durch gut erhaltene Altbaufassaden.
 
Der Stadtbezirk Süd ist ein durchweg lebendiger Stadtteil mit guter Verkehrsinfrastruktur, vielen Einkaufsmöglichkeiten und einer gesunden sozialen Mischung. Darunter befinden sich Gastronomie unterschiedlichster Küchen sowie Bars und Cafés. Auch der kulturelle Bereich kommt mit Galerien, Museen und zwei Theatern nicht zu kurz.",eyJvcnQiOiJTdHV0dGdhcnQiLCJvcnRzdGVpbCI6IiIsInN0cmFzc2UiOiJUYXViZW5zdHIuIiwiaGF1c251bW1lciI6IjMwIiwia2xzaWQiOjcyOTg5MjAsImhhdXNudW1tZXJ6dXNhdHoiOiIiLCJwbHoiOiI3MDE5OSJ9,,https://www.telekom.de/festnetz/tarife-und-optionen/internet-dsl,E,156,,true,250 MBit/s,,848.66,5,,,
Baden_Württemberg,459451,n,n,https://pictures.immobilienscout24.de/listings/e36327c6-6ff9-4753-b3ab-8e46324a5e4a-1924982174.jpg/ORIG/resize/118x118%3E/extent/118x118/format/webp/quality/73,15,2013,,false,disabled,160684166,pellet_heating,y,true,y,baden_württemberg,y,10,8,no_information,energy_required,146,esslingen_kreis,70771,mint_condition,luxury,,false,garage,no_information,y,flow:0,no_information,penthouse,,4.5,n,"2,active",deutschland,top,wohnung_kauf,n,false,11,,001.459451,980000,profile0,leinfelden_echterdingen,4,true,n,,,n,n,Leinfelden_Echterdingen,251016,6,Esslingen_Kreis,https://www.immobilienscout24.de/expose/160684166,2025-07-26,01:17:05,2025-07-25T14:34:23.000+02:00,Exklusives Penthouse: Eine Oase des Luxus im Herzen Echterdingens,"Willkommen in einer einzigartigen Penthouse-Residenz im Herzen von Echterdingen, die höchste Ansprüche an luxuriöses Wohnen erfüllt. Diese außergewöhnliche Immobilie besticht durch ihre erlesene Ausstattung, eine großzügige und durchdachte Raumaufteilung sowie eine privilegierte, zentrale Lage. Auf großzügigen ca. 146 m² Wohnfläche erwartet Sie ein Ambiente von zeitloser Eleganz und modernem Komfort, eingebettet in das oberste Geschoss eines gepflegten Mehrfamilienhauses.



Ausstattungshighlights, die begeistern

Repräsentativer Wohn- und Essbereich:
Der lichtdurchflutete, offen gestaltete Wohn- und Essbereich bildet das Herzstück dieser Residenz. Er lädt zum entspannten Verweilen und zu stilvollen Zusammenkünften ein. Eine kontrollierte Be- und Entlüftungsanlage, die sich durch die gesamte Wohnung zieht, sowie eine integrierte Klimaanlage im Wohn- und Essbereich und im Schlafzimmer gewährleisten zu jeder Jahreszeit ein optimales Raumklima.


Kulinarisches Zentrum:
Die hochwertige Einbauküche ist nahtlos in den offenen Wohnbereich integriert und lässt mit ihrer modernen Ausstattung und den Marken-Geräten keine Wünsche offen. Sie ist sowohl für den täglichen Gebrauch als auch für ambitionierte kulinarische Kreationen bestens geeignet.

Private Rückzugsorte:
Das großzügige Schlafzimmer bietet ausreichend Platz für eine luxuriöse Schlafstätte und wird durch ein direkt angrenzendes, begehbares Ankleidezimmer perfekt ergänzt. Auch hier sorgt die Klimaanlage für angenehme Temperaturen.



Exklusives Badezimmer-Erlebnis:
Das Masterbad wurde mit erlesenen Materialien gestaltet und bietet eine Wellness-Oase der Extraklasse. Es verfügt über einen Whirlpool, eine großzügige bodengleiche Dusche und zwei stilvolle Waschtische. Für höchsten Komfort sorgt die Fußbodenheizung, die in der gesamten Wohnung installiert ist.","Einzigartige Privatsphäre im Freien:
Ein absolutes Highlight dieser Penthouse-Wohnung ist die uneinsehbare Dachterrasse. Sie bietet einen privaten Rückzugsort, um die Sonne zu genießen, Ruhe zu finden oder den Abend in exklusiver Atmosphäre ausklingen zu lassen. Ausgestattet mit einer elektrischen Beschattung und einem Heizstrahler, ist dieser Außenbereich bei jedem Wetter nutzbar und erweitert Ihren Wohnraum auf luxuriöse Weise.



Besondere Merkmale für höchsten Wohnkomfort:

•Exklusive Penthouse-Lage in zentraler und doch ruhiger Umgebung.
•Umfassende Klimatisierung im Wohn-/Essbereich und Schlafzimmer für ganzjährigen Komfort.
•Direkter Personenaufzug mit Zugang bis in die Wohnung für höchsten Komfort und Barrierefreiheit.
•Extra breite Türen, die die gesamte Wohnung altersgerecht und barrierefrei gestalten.
•Modernste kontrollierte Be- und Entlüftung.
•KfW 40 Standard für höchste Energieeffizienz.
•Private Dachterrasse mit Beschattung und Heizstrahler.
•Luxuriöses Bad mit Whirlpool und großer begehbarer Dusche.
•Alarmanlage und Kameraüberwachung mit Aufzeichnung für Ihre Sicherheit.
•Drei Tiefgaragenstellplätze einer davon ist gefangen.




Fazit: 
Ihr neues Zuhause für höchste Ansprüche
Dieses Penthouse in Echterdingen ist die ideale Wahl für anspruchsvolle Persönlichkeiten, die ein Höchstmaß an luxuriösem Wohnen in einer der begehrtesten Lagen der Region suchen. Erleben Sie die perfekte Symbiose aus urbanem Luxus und privater Exklusivität – ein Ort, an dem Ihre Wohnträume wahr werden.
Wir laden Sie herzlich ein, sich persönlich von den Vorzügen dieser außergewöhnlichen Immobilie zu überzeugen. Zögern Sie nicht und vereinbaren Sie noch heute einen Besichtigungstermin.","Echterdingen, ein charmantes Teilgebiet der Stadt Leinfelden-Echterdingen,
überzeugt durch seine perfekte Lage zwischen ländlicher Idylle und urbaner
Anbindung. Als lebendiger Stadtteil bietet Echterdingen eine ausgezeichnete
Lebensqualität, die sowohl Ruhe und Natur als auch die Nähe zu wichtigen
Infrastruktureinrichtungen umfasst.
Die Verkehrsanbindung von Echterdingen ist hervorragend. Der Flughafen
Stuttgart liegt nur wenige Minuten entfernt und bietet ideale Verbindungen zu
internationalen Reisezielen. Auch die Anbindung an das Straßenverkehrsnetz ist
erstklassig: Über die A8 erreichen Sie sowohl die Stuttgarter Innenstadt als auch
den Naturpark Schwäbische Alb in kurzer Zeit.
Für Pendler ist Echterdingen ebenfalls bestens gelegen. Die Anbindung an das
öffentliche Verkehrsnetz ist hervorragend, mit einer S-Bahn-Station, die Sie in
wenigen Minuten zum Hauptbahnhof Stuttgart bringt. Dadurch sind Sie schnell
und unkompliziert in der Landeshauptstadt oder auch im Umland.
Echterdingen bietet eine ausgezeichnete Infrastruktur mit einer Vielzahl an
Einkaufsmöglichkeiten für den täglichen Bedarf. Supermärkte, Bäckereien und
Apotheken sind fußläufig erreichbar.
Familien finden in Echterdingen ideale Bedingungen vor: Zahlreiche Kindergärten,
Schulen und Freizeitmöglichkeiten stehen zur Verfügung. Besonders
hervorzuheben ist die Nähe zur Natur, die zu zahlreichen Freizeitaktivitäten einlädt.
Rad- und Wanderwege, die zum Erkunden der Umgebung einladen, sowie
Sporteinrichtungen in der Nähe bieten vielfältige Möglichkeiten zur aktiven
Freizeitgestaltung.
Die Lage von Echterdingen kombiniert das Beste aus beiden Welten – naturnahes
Wohnen mit einer zentralen Lage, die Sie mit allem versorgt, was Sie für ein
modernes und komfortables Leben benötigen.",eyJvcnQiOiJMZWluZmVsZGVuLUVjaHRlcmRpbmdlbiIsIm9ydHN0ZWlsIjoiIiwic3RyYXNzZSI6IkhpbnRlcmhvZnN0ci4iLCJoYXVzbnVtbWVyIjoiMTkiLCJrbHNpZCI6NjA3OTQ1OCwiaGF1c251bW1lcnp1c2F0eiI6IiIsInBseiI6IjcwNzcxIn0%3D,3,https://www.telekom.de/festnetz/tarife-und-optionen/internet-dsl,,65.34,,true,250 MBit/s,floor_heating,,,,,
Baden_Württemberg,19064403,n,y,https://pictures.immobilienscout24.de/listings/ca2cb3f9-ad42-4a3b-b4ce-3ab94a1fa294-1925052655.jpg/ORIG/resize/118x118%3E/extent/118x118/format/webp/quality/73,15,1936,kaltental,false,,160688124,gas,n,false,y,baden_württemberg,n,6,1,no_information,energy_required,84,stuttgart,70569,well_kept,no_information,,false,garage,no_information,n,flow:0,no_information,raised_ground_floor,,4,n,"2,active",deutschland,premium,wohnung_kauf,n,false,7,,002.01010175794,299000,profile0,süd,4,true,n,,Kaltental,n,n,Süd,GI-KL-353,4,Stuttgart,https://www.immobilienscout24.de/expose/160688124,2025-07-26,01:17:09,2025-07-25T17:59:50.000+02:00,**Offenes Bieterverfahren** Charmante 4-Zimmer-Wohnung mit Gartenanteil in Stuttgart-Kaltental,"**WICHTIG: Diese Immobilie wird transparent über ein professionelles und digitales Angebotsverfahren verkauft. Nach dem erfolgten Besichtigungstermin erhalten Sie von uns per Mail eine Einladung inklusive Link zum Angebotsverfahren. Somit ist für Sie der ganze Prozess unkompliziert und einfach gestaltet.**

Die Wohnung überzeugt mit einer durchdachten Raumaufteilung und viel natürlichem Licht. Beim Betreten empfängt Sie ein einladender Flur, der in die verschiedenen Wohnbereiche führt.

Der Wohn- und Essbereich ist großzügig geschnitten und bietet ausreichend Platz für eine gemütliche Wohnlandschaft. Das angrenzende Schlafzimmer hat einen direkten Zugang zum Balkon, auf dem Sie die Morgen- oder Abendsonne genießen können. Ein weiteres Zimmer eignet sich hervorragend als Kinderzimmer oder Arbeitsraum.

Die Küche ist funktional gestaltet. Direkt neben der Küche befindet sich eine praktische Abstellfläche, auf der Ihre Waschmaschine untergebracht werden kann. Das Tageslichtbad ist hell gefliest und mit einer Badewanne ausgestattet.

Ein besonderes Highlight ist das zusätzliche Zimmer im Untergeschoss, das sich ideal als Büro, Gästezimmer oder Hobbyraum nutzen lässt.

Nutzen Sie diese Gelegenheit und vereinbaren Sie noch heute einen Besichtigungstermin! Kontaktieren Sie uns telefonisch oder per E-Mail, um weitere Informationen zu erhalten.","**WICHTIG: Diese Immobilie wird transparent über ein professionelles und digitales Angebotsverfahren verkauft. Nach dem erfolgten Besichtigungstermin erhalten Sie von uns per Mail eine Einladung inklusive Link zum Angebotsverfahren. Somit ist für Sie der ganze Prozess unkompliziert und einfach gestaltet.**

* Bj. 1936, 4 Zimmer (eins davon im UG), ca. 84 m² Wohnfläche
* Balkon
* Tageslichtbad
* isolierverglaste Fenster
* Gas-Einzelofen
* Böden: Laminat, Teppich + Fliesen
* toller Gartenbereich hinterm Haus
* Keller
* Wohnung ist derzeit vermietet
* Hausgeld 160,- €
* Die Wohnung befindet sich im Sanierungsgebiet ""Stuttgart 31-Kaltental""
https://www.stuttgart.de/medien/ibs/Broschuere-Sanierung-Stuttgart-31-Kaltental.pdf",,eyJvcnQiOiJTdHV0dGdhcnQiLCJvcnRzdGVpbCI6IiIsInN0cmFzc2UiOiJHYWxsdXNzdHIuIiwiaGF1c251bW1lciI6IjQzIiwia2xzaWQiOjk5NTI2NzQsImhhdXNudW1tZXJ6dXNhdHoiOiIiLCJwbHoiOiI3MDU2OSJ9,1,https://www.telekom.de/festnetz/tarife-und-optionen/internet-dsl,F,165,,true,250 MBit/s,self_contained_central_heating,160,,,,true
Baden_Württemberg,17041853,n,n,https://pictures.immobilienscout24.de/listings/a193c458-351c-4926-a50b-5a2f4c4d50c6-1925065774.jpeg/ORIG/resize/118x118%3E/extent/118x118/format/webp/quality/73,17,1901,kurpark,false,disabled,160688928,gas,n,false,y,baden_württemberg,y,9,1,no_information,,140.74,stuttgart,70372,well_kept,sophisticated,,false,no_information,no_information,n,flow:0,no_information,apartment,,6,n,"2,active",deutschland,premium,wohnung_kauf,n,false,11,1,009.2c898b25-f513-4ac4-8861-abe2785616f5,699000,profile0,bad_cannstatt,5,true,n,,Kurpark,n,n,Bad_Cannstatt,125142640#fUOZfm,6,Stuttgart,https://www.immobilienscout24.de/expose/160688928,2025-07-26,01:17:12,2025-07-25T19:06:57.000+02:00,* Wohnen mit Altbauflair mitten in Cannstatt zwischen zwei Parks *,"Diese wunderschöne 6-Zimmer-Altbauwohnung befindet sich im 1. Obergeschoss eines denkmalgeschützten Gebäudes mit Jugendstil- und Neurenaissance- Elementen. Die 5 Einheiten sind vorwiegend selbstgenutzt.

Die Etage verfügt über 6 Zimmer, eine große Diele, eine großzügige Wohnküche, zwei Tageslichtbäder mit Badewanne oder Dusche, sowie zwei separate WC's. 

Die Deckenhöhe beträgt ca. 3,10 m. Es sind wunderschöne Stuckdecken erhalten, Fischgrät- und Dielenböden, Kassettentüren, sowie Fensterkassetten und die Eingangsjugendstil-Flügeltüre.

Die Wohnung kann als Gesamtes genutzt oder mit geringem Aufwand in eine 2- und 4-Zimmerwohnung geteilt werden. Getrennte Eingänge, eigenes Bad und WC, eigene Gegensprechanlage, Elektrik, eigener Wasserzähler und Briefkasten sind schon vorhanden. Der Wasseranschluss für eine Küche liegt in der Wand.

Das Objekt verfügt zwar über keinen Balkon, aber über einen gemeinschaftlichen Hof und außer dem Kurpark befindet sich die neu gestaltete Parkanlage Veielscher Garten nur ca. 100 m entfernt.

Gerne zeigen wir Ihnen die Räumlichkeiten bei einer Besichtigung.

Die Wohnfläche in Höhe von 140,74 qm² ergibt sich wie folgt:
Eckerkerzimmer: 20,91 m²
1. Erkerzimmer: 19,75 m²
2. Erkerzimmer: 13,77 m²
4. Zimmer: 18,24 m²
5. Zimmer: 14,09 m²
6. Zimmer: 8,15  m²
Diele: 19,43 m²
Küche: 11,59 m²
Hauswirtschaftsraum: 1,91 m²
Vorratsraum: 1,45 m²
1. Bad: 4,21 m²
2. Bad: 3,97 m²
1. WC: 2,35 m²
2. WC: 0,93 m²

Bitte beachten Sie, dass wir nur Anfragen mit vollständiger Mobilnummer bearbeiten können.","- 6 Zimmer, davon 2 Räume mit Erker und 1 Zimmer mit Eckerker
- große Wohnküche ohne Einbauküche mit italienischen Fliesen von 2003, Vorrats- und Hauswirtschaftsraum mit Waschmaschinen- und Trockneranschluss
- Tageslichtbad mit Badewanne mit Duschwand und Handbrause, Waschbecken und Handtuchheizkörper
- 2. Tageslichtbad mit Dusche, Waschbecken, Spiegelschrank und Gas-Durchlauferhitzer
- 2 separate WC's, 1 x mit Fenster und Handwaschbecken
- Raumhöhe ca. 3,10 m
- Original Fischgrätparkett und Dielen, 2003 geschliffen und versiegelt mit Original Lamperien
- Eingang mit Jugendstil-Flügeltüre, Kassettentüren mit Originaltürgriffen, 2003 restauriert
- komplette Stuckdecken mit Leisten und Rosetten, 2003 restauriert
- maßgefertigte Einbauten in der großen Wohndiele
- Gas- Etagenheizung von 2003, inklusive Warmwasseraufbereitung in der Küche,  aktuell gewartet inklusive erforderlichem Komponententausch, 2008 Einbau eines Zwischenzählers für Teilung
- große zweifach isolierverglaste 2013 restaurierte Holzfenster mit  Fensterkassetten, Rollläden in einem Bad und einem Zimmer
- 3-polige Elektrik
- 2 x Gegensprechanlage, 2 x Klingel, 2023 erneuert, 2x Briefkästen 2003
- Kabelanschluss im Haus
- Wasser wird pro Kopf abgerechnet
- 2023 Wände neu weiß gestrichen
- 2 große, trockene Keller, 1 Tiefkeller intern zugeteilt
- Fahrradraum
- gemeinschaftlicher Hof
- Kehrwoche muss gemacht werden
- Treppenhaus mit Ornament Ledertapete; Holztreppenstufen, Wände und Decken 2004 renoviert, gedrechseltes Geländer, Terrazzoboden 2024 restauriert
- Fassadensanierung 2013 und 2018 inklusive neuer originalgetreuer Metallblenden, Sandsteinsockel teilweise getauscht 
- 2005 Schieferdach teilweise erneuert inklusive beschädigter Firstabdeckung
- Restaurierung der mit Kathedralglasscheiben ausgestatteten Hauseingangstüre und Erneuerung des Türöffners in 2004, 2019 Gebäudeeingangstor
Das Hausgeld beträgt 225,00 €, davon entfallen 96,00 € auf die Rücklagenzuführung. 
Der Miteigentumsanteil beträgt 192/1000","Das Mehrfamilienhaus befindet sich in Stuttgart-Bad Cannstatt im Stadtteil Kurpark, wenige Meter vom eigentlichen Kurpark und vom Veielschen Garten entfernt.

Die Lebensqualität in der eh schon verkehrsberuhigten Straße mit Parkraummanagement hat sich durch die Einrichtung einer Anwohner- und Fahrradstraße enorm verbessert.

In fünf Gehminuten erreicht man die Stadtbahnlinien U1, U2 und U19.
Eine Haltestelle weiter gelangt man zum Wilhelmsplatz Bad Cannstatt mit Übergang zum Bahnhof mit S-Bahnanschluss S1, S2 und S3. Von dort ist es nur eine Station zum Stuttgarter Hauptbahnhof, Fahrzeit fünf Minuten.

Sämtliche Einkaufsmöglichkeiten sind fußläufig erreichbar, ebenso die Cannstatter Altstadt.

Alle Schularten befinden sich wenige Gehminuten entfernt. 

Mit dem Auto erreicht man verkehrsgünstig die B10, die alte und neue B14, in zehn Minuten sowohl die Stuttgarter Innenstadt als auch das Remstal.",eyJvcnQiOiJTdHV0dGdhcnQiLCJvcnRzdGVpbCI6IiIsInN0cmFzc2UiOiJXaWVzYmFkZW5lciBTdHIuIiwiaGF1c251bW1lciI6IjE0Iiwia2xzaWQiOjE1NDYyNDY3LCJoYXVzbnVtbWVyenVzYXR6IjoiIiwicGx6IjoiNzAzNzIifQ%3D%3D,,https://www.telekom.de/festnetz/tarife-und-optionen/internet-dsl,,,,true,100 MBit/s,self_contained_central_heating,225,5,,,true
Baden_Württemberg,16178666,n,y,https://pictures.immobilienscout24.de/listings/0be2754d-a5a9-4f59-a246-9b6d620d2fce-1924963156.jpg/ORIG/resize/118x118%3E/extent/118x118/format/webp/quality/73,14,2012,oberer_schlossgarten,false,disabled,160682962,natural_gas_light,n,true,y,baden_württemberg,y,10,8,no_information,energy_consumption,87,stuttgart,70192,no_information,sophisticated,,false,no_information,no_information,y,flow:0,no_information,no_information,,4,n,"2,active",deutschland,premium,wohnung_kauf,n,false,19,1,002.01006879354,949000,profile0,mitte,4,true,n,showqualicontactform,Oberer_Schlossgarten,n,n,Mitte,195894,4,Stuttgart,https://www.immobilienscout24.de/expose/160682962,2025-07-26,01:17:16,2025-07-25T13:48:35.000+02:00,Stilvolle 4-Zimmer-Wohnung mit hochwertiger Ausstattung am Killesberg,"Die angebotene 4-Zimmer-Wohnung befindet sich in einer der beliebtesten Wohngegenden Stuttgarts – am Killesberg. Geprägt von viel Grün, architektonischer Vielfalt und einer ruhigen, dennoch urban angebundenen Umgebung, zählt der Killesberg zu den gefragtesten Adressen der Landeshauptstadt. Der nahegelegene Höhenpark und die ausgezeichnete Infrastruktur machen diesen Stadtteil zu einem Ort für Menschen mit gehobenem Anspruch an Lebensqualität, Ruhe und Stil.

Die Wohnung besticht durch ihren durchdachten Grundriss, der den Alltag entspannt und gut organisiert gestaltet. Mit vier klar gegliederten Zimmern eignet sie sich besonders für Paare oder kleine Familien, die Wert auf eine angenehme Raumaufteilung legen. Der Wohn- und Essbereich ist hell und einladend, die Schlafräume sind geschickt separiert, sodass ein ausgewogenes Miteinander von gemeinschaftlichen Momenten und persönlichen Rückzugsbereichen entsteht. Durch die hohen Decken und die großen Fenster wirkt die Wohnung großzügig und lichtdurchflutet – hier fühlt man sich rundum wohl und geborgen.

Bei der Ausstattung wurde großer Wert auf Qualität und Langlebigkeit gelegt: So findet sich im Badezimmer edler Travertin-Naturstein, der dem Raum eine warme, mediterrane Atmosphäre verleiht. Auch in den übrigen Bereichen wurden ausschließlich hochwertige Materialien verarbeitet, die ein modernes und stilvolles Gesamtbild schaffen.

Abgerundet wird dieses Wohnangebot durch die besonderen Vorzüge der Lage: Der Killesberg bietet nicht nur ein hohes Maß an Privatsphäre und Exklusivität, sondern auch kurze Wege zu Schulen, Kindergärten, Einkaufsmöglichkeiten und öffentlichen Verkehrsmitteln. Gleichzeitig lädt der nahegelegene Höhenpark zu erholsamen Spaziergängen, sportlichen Aktivitäten und kulturellen Erlebnissen ein.

Hier verbindet sich stilvolles Wohnen mit urbaner Lebensqualität.

Lassen Sie sich diese Gelegenheit nicht entgehen: Vereinbaren Sie einen Besichtigungstermin und lassen Sie sich von der Wohnung begeistern.","- Hochwertig und zeitlos konzipiert 
- Attraktive Lage mit überdurchschnittlichem Wertsteigerungspotenzial
- Hochwertige Ausstattung auch im Treppenhaus 
- Aufzug
- Fußbodenheizung für angenehmen Wohnkomfort
- Designorientierte, moderne Sanitärausstattung in den Bädern
- Video-Gegensprechanlage und Sicherheitstechnik
- Große Fensterfronten für lichtdurchflutete Räume
- Perfekte Infrastruktur durch die Lage am Killesberg: kurze Wege zu Parks, Naherholungsgebieten, Cafés und Einkaufsmöglichkeiten","Die Wohnung liegt in einer der exklusivsten Lagen Stuttgarts – am Killesberg. Hier verbindet sich gehobenes Wohnen mit urbanem Komfort und naturnaher Umgebung. Der beliebte Killesbergpark ist nur wenige Minuten entfernt und lädt zum Erholen ein. Einkaufsmöglichkeiten, Restaurants, Schulen und Ärzte befinden sich in direkter Nähe. Die Anbindung an den öffentlichen Nahverkehr sowie an die B27 ist hervorragend – ideal für alle, die zentrale Lage und hohe Lebensqualität suchen.",eyJvcnQiOiJTdHV0dGdhcnQiLCJvcnRzdGVpbCI6IiIsInN0cmFzc2UiOiJPc2thci1TY2hsZW1tZXItU3RyLiIsImhhdXNudW1tZXIiOiIxMCIsImtsc2lkIjoxNzA4MTYxMSwiaGF1c251bW1lcnp1c2F0eiI6IiIsInBseiI6IjcwMTkxIn0%3D,,https://www.telekom.de/festnetz/tarife-und-optionen/internet-dsl,C,94.6,,true,100 MBit/s,,,,,,true
