obj_regio1,obj_heatingType,obj_telekomInternetUrlAddition,obj_cId,obj_newlyConst,obj_balcony,obj_picture,obj_picturecount,obj_usableArea,obj_yearConstructed,geo_ot,obj_privateOffer,obj_scoutId,obj_noParkSpaces,obj_firingTypes,obj_hasKitchen,obj_ExclusiveExpose,obj_courtage,geo_bln,obj_cellar,obj_purchasePriceRange,obj_yearConstructedRange,obj_telekomInternetUrlBase,obj_houseNumber,obj_energyType,obj_livingSpace,geo_krs,obj_zipCode,obj_condition,obj_interiorQual,obj_highDemand,obj_energyEfficiencyClass,ga_cd_cxp_historicallisting,obj_parkingSpace,obj_street,obj_lift,obj_commissionsettings,obj_streetPlain,obj_typeOfFlat,geo_plz,obj_noRooms,obj_thermalChar,obj_assistedLiving,obj_lastRefurbish,obj_groupnumber,obj_ityp,obj_telekomInternetAvailable,geo_land,ga_cd_via,obj_immotype,obj_rented,obj_privateOfferInvestmentCheck,obj_contactFormInputFieldCount,obj_floor,obj_telekomInternetSpeed,obj_cwId,obj_purchasePrice,ga_cd_application_requirements,obj_numberOfFloors,geo_bg,obj_noRoomsRange,ga_cd_maillead_default_shown,obj_garden,evt_count_pm_sig,obj_regio4,obj_barrierFree,obj_international,obj_regio3,obj_objectnumber,obj_livingSpaceRange,obj_regio2,url,extract_date,extract_time,online_since,title,description,equipments,locations,ga_cd_via_qualified,obj_rentSubsidy,ga_cd_developer_virtualreality,obj_galleryAd
Baden_W√ºrttemberg,central_heating,eyJvcnQiOiJTdHV0dGdhcnQiLCJvcnRzdGVpbCI6IiIsInN0cmFzc2UiOiJIYXVwdG1hbm5zcmV1dGUiLCJoYXVzbnVtbWVyIjoiMjkiLCJrbHNpZCI6MjY1NjMyMjIsImhhdXNudW1tZXJ6dXNhdHoiOiIiLCJwbHoiOiI3MDE5MiJ9,468868,n,y,https://pictures.immobilienscout24.de/listings/42e93539-c2a2-466e-a31c-df0f66e19f03-1881704636.jpg/ORIG/resize/118x118%3E/extent/118x118/format/webp/quality/73,19,60,2006,lenzhalde,false,157413029,2,gas,y,false,y,baden_w√ºrttemberg,y,11,7,https://www.telekom.de/festnetz/tarife-und-optionen/internet-dsl,no_information,energy_required,146,stuttgart,70192,mint_condition,luxury,,B,false,underground_garage,no_information,y,flow:0,no_information,ground_floor,,4,73.9,n,2024,2024,"2,active",true,deutschland,top,wohnung_kauf,n,false,18,0,100 MBit/s,001.468868,1415000,profile0,3,nord,4,true,y,showqualicontactform,Lenzhalde,y,n,Nord,157413029,6,Stuttgart,https://www.immobilienscout24.de/expose/157413029,2025-02-18,20:48:57,2025-02-18T19:10:31.000+01:00,LEBEN WIE IM EIGENEN HAUS** IN  STADTVILLA IM BAUHAUSSTIL,"MODERN, MINIMALISTISCH UND ZEITLOS - FORM FOLLOWS FUNCTION -die Anlehnung an den Bauhausstil ist nicht zu √ºbersehen. 
In Stuttgarts begehrtester Halbh√∂hen-Wohnlage  wurde 2006 auf einem alten Parkgrundst√ºck ein Ensemble aus 2 Stadtvillen im Stil des Bauhauses erstellt....einer Tradition folgend, der Bauhausstil  war bereits in den 30er Jahren in dieser Lage vorherrschend. 

WOHNEN WIE HAUS IM HAUS
Die gut geschnittene, 146 qm gro√üe Wohnung mit drei Schlafzimmern befindet sich im Erdgeschoss der Stadtvilla mit nur 3 Wohnungen. 
Sie ist optimal nach S√ºden ausgerichtet und verf√ºgt √ºber 3 Terrassen und einen ca. 500 qm gro√üen, ebenen und sehr sch√∂nen Gartenanteil im Sondernutzungsrecht - mit Blick bis zum Fernsehturm. Der Garten ist einfach zu pflegen - Rasenfl√§chen, Rosenhecken und Sommerflieder laden zum entspannen ein. 

Die Wohnung, die sich √ºber das gesamte Erdgeschoss des Geb√§udes erstreckt, hat eine klare und gro√üz√ºgige Raumaufteilung, bestehend aus einem gro√üen Wohn-/Esszimmer, einer komplett ausgestatteten Markenk√ºche, dem Master-Schlafzimmer, zwei Kinder-/G√§ste- oder Arbeitszimmer, zwei Badezimmer und drei Terrassen. 

Ein Aufzug f√ºhrt von der Tiefgarage bis zur Wohnung, die barrierefrei und komfortabel f√ºr jedes Alter genutzt werden kann.
 
Die beiden Stadtvillen verf√ºgen insgesamt √ºber ein ca. 2.200 qm gro√ües  Grundst√ºck mit gro√üen Rasenfl√§chen und einem zauberhaften, historischen Garten-Pavillon zur gemeinschaftlichen Nutzung.","Auszug der Ausstattungen: 

* Heller lichtdurchfluteter Wohnraum mit
bodentiefen Fenstern   

* komplett ausgestattete Marken-Einbauk√ºche mit Elektroger√§ten

*Jedes Zimmer hat einen Zugang auf die umlaufende Terrasse

* Einbauschr√§nke in handwerklicher Einzelanfertigung

* Edle Parkettb√∂den Eiche massiv 

* Designb√§der, Schiefer-Waschtisch, Schiefer-Bodenfliesen, W√§nde italienische Steinzeug-Fliesen

* Moderne Technik, u.a. Fu√übodenheizung, Heizungsart Gas

* moderner Aufzug direkt zur Wohnung

* Isolierverglaste, gr√∂√ütenteils raumhohe Verglasungen und Fenster mit elektrischen Rollos und Jalousien

* Video-Gegensprechanlage

* CAT 5 Verkabelung Telefon und Internet

*gro√üe Stellpl√§tze in der TG mit jeweils einem Abstellraum dahinter

*zwei gro√üe Abstellr√§ume im Keller also insgesamt 4 Abstellr√§ume","Von gepflegten Villen und G√§rten umgeben, z√§hlt die stadtnahe Hauptmannsreute zu den gefragtesten Halbh√∂henlagen Stuttgarts. 

Die weitl√§ufigen Parkanlagen des H√∂henparks Killesbergs des Bismarckturms und der Kr√§herwald bieten einen hohen Freizeitwert. Verschiedene Sportanlagen, wie der MTV, der Tennisclub Wei√üenhof, der Stuttgarter Reit- und Fahrverein und der Tennisclub Doggenburg sind zu Fu√ü erreichbar.  

Renommierte Grund- und weiterf√ºhrende Schulen (Grundschule Sonniger Winkel, Eberhard-Ludwigs-Gymnasium, Waldorfschule, H√∂lderlin-Gymnasium) sowie verschiedene Kitas  (z.B. der Waldkirche)  befinden sich  in n√§chster N√§he. 

Die n√§chste Haltestelle f√ºr √∂ffentliche Verkehrsmittel befindet sich wenige Gehminuten entfernt an der Lenzhalde (Buslinie 43). Die Stadtmitte und der Hauptbahnhof sind in ca. 10 Minuten, die A8 und A81 sind in wenigen Minuten erreichbar. Die Fahrtzeit zum Flughafen betr√§gt ca. 25 Minuten",,,,
Baden_W√ºrttemberg,district_heating,,189949,n,y,https://pictures.immobilienscout24.de/listings/77db9494-4156-491b-9594-f80d50ca4d53-1881752223.jpg/ORIG/resize/118x118%3E/extent/118x118/format/webp/quality/73,15,,1920,rosenberg,false,157420850,,district_heating,y,false,y,baden_w√ºrttemberg,y,9,1,,no_information,energy_consumption,133,stuttgart,70176,well_kept,no_information,,C,false,no_information,no_information,y,flow:1,no_information,no_information,,3.5,87.8,n,,,"2,active",false,deutschland,premium,wohnung_kauf,n,false,19,1,,001.189949,750000,profile0,,west,3,true,n,showqualicontactform,Rosenberg,n,n,West,157420850,6,Stuttgart,https://www.immobilienscout24.de/expose/157420850,2025-02-18,20:49:01,2025-02-18T19:34:26.000+01:00,"Urbane Oase in zentraler Lage: 3,5-ZW mit gro√üer Terrasse, Balkon und Aufzug","Diese charmante Wohnung befindet sich im 1. Obergeschoss eines Anfang des 20. Jahrhunderts erbauten, 1950 wiederaufgebauten und im Jahr 1997 vollst√§ndig kernsanierten Hauses. Sie verf√ºgt √ºber insgesamt 3,5 Zimmer auf einer Wohnfl√§che von ca. 133 m¬≤, pr√§sentiert sich in einem gepflegten Zustand und √ºberzeugt mit einem sch√∂nen Parkettboden.

Dank des vorhandenen Aufzugs ist die Wohnung auch f√ºr Menschen im gehobenen Alter oder Familien mit Kindern bequem zu erreichen. Zur Wohnung geh√∂ren ein ger√§umiger Keller, ein G√§ste-WC sowie eine Einbauk√ºche.

Absolutes Highlights der Wohnung sind die gro√üe Terrasse und der Balkon, auf denen Sie gem√ºtliche Stunden verbringen und die Sonne genie√üen k√∂nnen.

Diese stilvolle Wohnung bietet Ihnen eine urbane Oase zum Wohlf√ºhlen und Entspannen. 

√úberzeugen Sie sich selbst von diesem gem√ºtlichen Wohntraum und vereinbaren Sie noch heute einen Besichtigungstermin. Wir freuen uns auf Ihre Kontaktaufnahme!","+ XXL-Terrasse (ca. 59 qm)
+ Balkon
+ Aufzug
+ Parkett
+ Tageslichtbad mit Wanne und Dusche
+ G√§ste-WC
+ gesamtes Haus 1997 kernsaniert
+ Sehr gute √ñPNV Anbindung
+ ca. 2,60 Meter Deckenh√∂he",,true,455,,
Baden_W√ºrttemberg,district_heating,eyJvcnQiOiJTdHV0dGdhcnQiLCJvcnRzdGVpbCI6IiIsInN0cmFzc2UiOiJNYWhhdG1hLUdhbmRoaS1TdHIuIiwiaGF1c251bW1lciI6IjIxIiwia2xzaWQiOjI1OTUwODI4LCJoYXVzbnVtbWVyenVzYXR6IjoiIiwicGx6IjoiNzAzNzYifQ%3D%3D,20518938,n,y,https://pictures.immobilienscout24.de/listings/710049df-dba1-429e-92f9-b7992eeab424-1881750619.jpg/ORIG/resize/118x118%3E/extent/118x118/format/webp/quality/73,17,,2005,burgholzhof,true,157420716,1,steam_district_heating,y,false,n,baden_w√ºrttemberg,y,9,6,https://www.telekom.de/festnetz/tarife-und-optionen/internet-dsl,no_information,energy_consumption,109,stuttgart,70376,well_kept,sophisticated,,,false,underground_garage,no_information,y,flow:0,no_information,maisonette,,4.5,81.16,n,,,"2,active",true,deutschland,top,wohnung_kauf,n,false,7,1,50 MBit/s,009.72599d41-60cc-46ed-bdd4-a57be2bd5196,665000,profile1_listingtype,4,bad_cannstatt,4,true,y,,Burgholzhof,y,n,Bad_Cannstatt,157420716,5,Stuttgart,https://www.immobilienscout24.de/expose/157420716,2025-02-18,20:49:05,2025-02-18T19:30:38.000+01:00,"Provisionsfreie, helle Wohnung am Burgholzhof - 4,5 Zimmer, 109m^","Unsere familienfreundliche, moderne und ruhig gelegene Maisonette-Wohnung am Burgholzhof (Bad-Cannstatt) mit ausgezeichneter Infrastruktur sucht Sie als neue Eigent√ºmer.

Maisonette-Wohnung EG + 1.OG
Baujahr: 2005
Wohnfl√§che: 109m¬≤
Abstellfl√§che Keller: ca. 6m¬≤
Mitnutzung Gemeinschaftsr√§ume: 147,28m¬≤
Freifl√§che: Balkon + Terrasse mit Garten
Heizung: Fernw√§rme, Fu√übodenheizung
Bodenbelag: Eichenparkett
Tiefgaragenstellplatz mit Wallbox

Die Wohnung befindet sich in einer ruhigen Lage am Ende einer Sackgasse. Sie verf√ºgt √ºber zwei Hauseing√§nge, von denen einer barrierefrei gestaltet ist und √ºber eine automatisch √∂ffnende Eingangst√ºr verf√ºgt.

Im Erdgeschoss befindet sich der gro√üz√ºgige, offene und lichtdurchflutete Wohn- und Essbereich sowie das G√§ste WC.
Der Flur bietet viel Stauraum durch Einbauschr√§nke.
Von der modernen Einbauk√ºche mit Theke und Markenger√§ten (NEFF) ist ein Abstellraum mit Waschmaschinenanschluss durch eine Schiebet√ºr erreichbar.
Zum Garten hin befinden sich drei bodentiefe Fenster von welchen sich zwei zu der Terrasse hin komplett √∂ffnen lassen.
√úber eine Massivholztreppe erreichen Sie die erste Etage (1.OG). Diese ist auch √ºber den Aufzug im Treppenhaus und die obere Eingangst√ºr erreichbar.
Dort gibt es zum Garten hin zwei Zimmer mit jeweils einer bodentiefen Fenstert√ºr zum gemeinsamen Balkon.
Das innenliegende Badezimmer ist mit einer Badewanne ausgestattet.
Es gibt noch ein weiteres Schlafzimmer und einen offenen Bereich, welcher als B√ºro dient.
In allen Wohnr√§umen ist Eichenparkett verlegt.
Zur Wohnung geh√∂rt desweitern ein abschlie√übarer Kellerraum sowie ein Tiefgaragenstellplatz mit Wallbox.

Zur Wohnung geh√∂rt auch die Mitnutzung der Gemeinschaftsr√§ume im Untergeschoss mit Gartenanteil.
Hierzu z√§hlt folgendes:
- Gro√üem Gemeinschaftsraum mit offenem K√ºchenbereich
- Kinderspielraum
- Abstellraum
- Terrasse, Gartenbereich mit Spielfl√§che
- Zwei WC`s
- Werkstatt
- Waschk√ºche
- Fahrradraum

!!! Keine Anschreiben von Maklern erw√ºnscht !!!",,"Der Burgholzhof ist eine attraktive und ruhige Wohnlage mit sehr guter Anbindung an den √∂ffentlichen Nahverkehr mit zwei Buslinien 57 Pragsattel, 52 Rosensteinbr√ºcke und 52 Borkumstra√üe.
Vom Pragsattel aus k√∂nnen Sie direkt mit der Stadtbahnlinie U6 zum Stuttgarter Flughafen fahren. Mit der Linie U7, U15 und U6 erreichen Sie in wenigen Minuten den Stuttgarter Hauptbahnhof.

Umgeben von Weinbergen ist er auch ein sehr gutes Naherholungsgebiet mit vielen M√∂glichkeiten zur Freizeitgestaltung. Eine Bushaltestelle Richtung Bad Cannstatt / Rosensteinbr√ºcke am Schnarrenberg befindet sich der TVC (Turnverein-Cannstatt) mit diversen Sportangeboten.

Von der Wohnung aus erreichen Sie fu√ül√§ufig:
- 2 Kinderg√§rten
- Grundschule
- Jugendtreff
- Friseur
- B√§cker
- Portugiesischer Lebensmittelladen
- Allgemeinmedizinische Praxis
- 3 gro√üe Spielpl√§tze
- Robert-Bosch-Krankenhaus mit im Bau befindlichen Supermarkt 24/7 und Fitnessstudio

Aufgrund der vielf√§ltigen Infrastruktur ist unsere Wohnung ideal f√ºr Familien mit Kindern geeignet.

Wir freuen uns darauf Ihnen unsere Wohnung mit all ihren M√∂glichkeiten zeigen zu d√ºrfen. ",,270,,
Baden_W√ºrttemberg,self_contained_central_heating,eyJvcnQiOiJTdHV0dGdhcnQiLCJvcnRzdGVpbCI6IiIsInN0cmFzc2UiOiJSZWluc2J1cmdzdHIuIiwiaGF1c251bW1lciI6Ijc2Iiwia2xzaWQiOjIwOTI3MjIyLCJoYXVzbnVtbWVyenVzYXR6IjoiIiwicGx6IjoiNzAxNzgifQ%3D%3D,20045144,n,n,https://pictures.immobilienscout24.de/listings/12abefc4-e077-40c7-9f38-4c6b305fc50d-1881558460.jpeg/ORIG/resize/118x118%3E/extent/118x118/format/webp/quality/73,8,2.7,1811,roteb√ºhl,false,157406902,,gas,y,false,y,baden_w√ºrttemberg,y,7,1,https://www.telekom.de/festnetz/tarife-und-optionen/internet-dsl,76,no_information,64.3,stuttgart,70178,no_information,normal,,,false,no_information,Reinsburgstra&szlig;e,n,flow:0,Reinsburgstra√üe,apartment,,3,,n,2025,,"2,active",true,deutschland,top,wohnung_kauf,y,false,7,2,250 MBit/s,002.01014335560,365000,profile0,4,west,3,true,n,,Roteb√ºhl,n,n,West,157406902,3,Stuttgart,https://www.immobilienscout24.de/expose/157406902,2025-02-18,20:49:08,2025-02-18T09:00:24.000+01:00,"3-Zimmer-Wohnung im 2. OG ‚Äì Top Lage Stuttgart West,","Willkommen in Ihrem neuen urbanen Zuhause!
Diese charmante und gepflegte 3-Zimmer-Wohnung im 2. Obergeschoss √ºberzeugt in jeder Hinsicht.

Die Wohnung ist derzeit vermietet und kann nach Absprache jederzeit besichtigt werden. 

Gerne erl√§utern wir Ihnen in einem pers√∂nlichen Gespr√§ch die vielseitigen M√∂glichkeiten dieser Immobilie ‚Äì sei es als Kapitalanlage oder f√ºr den Eigenbezug.

Sorgenfrei in die Zukunft ‚Äì

√úber zuk√ºnftige Sanierungsma√ünahmen m√ºssen Sie sich keine Gedanken machen!

Das 9-Familienhaus wird derzeit umfassend kernsaniert und erstrahlt nach Fertigstellung in neuem Glanz ‚Äì energetisch auf dem neuesten Stand der Technik.

Umfang der Kernsanierung:
‚úÖ Erneuerung der Steigleitungen f√ºr Elektrik und Wasser
‚úÖ Komplette Sanierung des Treppenhauses
‚úÖ Neue Wohnungseingangst√ºren
‚úÖ Neue Haust√ºre & Briefkastenanlage
‚úÖ 3-fach verglaste Fenster f√ºr optimale Energieeffizienz und Schallschutz
‚úÖ Neues Dach inkl. Verblechungen (Dachgauben, Regenrinnen) & D√§mmung nach KfW-Standard
‚úÖ Fassadensanierung mit Installation eines W√§rmed√§mmverbundsystems (WDVS) nach KfW-Standard

Dank dieser umfassenden Modernisierung k√∂nnen Sie sich voll und ganz auf die Gestaltung Ihrer neuen R√§umlichkeiten konzentrieren, ohne R√ºcklagen f√ºr k√ºnftige Renovierungen einplanen zu m√ºssen.

Hinweis zur Bilddarstellung
üîπ Fenster: Auf den Fotos sind noch die alten Fenster zu sehen. Im Rahmen der Kernsanierung werden jedoch neue, dreifach verglaste Fenster f√ºr optimale Energieeffizienz und Schallschutz verbaut.
üîπ Zustand der Wohnung: Die Bilder zeigen die Wohnung vor Einzug des aktuellen Mieters.

Kontakt & Besichtigung
F√ºr weitere Informationen oder eine Besichtigung freuen wir uns auf Ihre Anfrage mit vollst√§ndigen Kontaktdaten.

üîë Ihr neues Zuhause wartet auf Sie!",,"Diese Wohnung befindet sich im Herzen von Stuttgart-West, einem der gefragtesten und lebendigsten Stadtteile der Landeshauptstadt. Die Lage besticht durch ihren urbanen Charakter, charmante Altbauten und eine ausgezeichnete Infrastruktur.

In direkter Umgebung finden sich zahlreiche Einkaufsm√∂glichkeiten, gem√ºtliche Caf√©s, erstklassige Restaurants und kulturelle Einrichtungen, die das Viertel so beliebt machen. Die Anbindung an den √∂ffentlichen Nahverkehr ist hervorragend, sodass Sie schnell und bequem in alle Teile Stuttgarts gelangen.

Die Kombination aus zentraler Lage, urbanem Flair und einer vielf√§ltigen Nachbarschaft macht diese Wohngegend zu einem idealen Ort f√ºr ein modernes und komfortables Leben.

Besichtigung und Expos√©:
√úberzeugen Sie sich selbst von den Vorz√ºgen dieser Immobilie bei einer Besichtigung. Ein detailliertes Expos√© senden wir Ihnen gerne auf Anfrage zu.

Hinweis zur Kontaktaufnahme:
Bitte stellen Sie sicher, dass Ihre Anfrage eine vollst√§ndige postalische Adresse, E-Mail-Adresse sowie eine tags√ºber erreichbare Telefonnummer",,,,
Baden_W√ºrttemberg,stove_heating,eyJvcnQiOiJTdHV0dGdhcnQiLCJvcnRzdGVpbCI6IiIsInN0cmFzc2UiOiJOZWxsaW5nZXIgU3RyLiIsImhhdXNudW1tZXIiOiI1Iiwia2xzaWQiOjk2NjQ2NzYsImhhdXNudW1tZXJ6dXNhdHoiOiIiLCJwbHoiOiI3MDYxOSJ9,18528749,n,n,https://pictures.immobilienscout24.de/listings/6685e95e-28a7-4ea6-be7a-2d179714a47f-1881711934.jpg/ORIG/resize/118x118%3E/extent/118x118/format/webp/quality/73,12,40,,heumaden,false,157418190,,gas,n,false,y,baden_w√ºrttemberg,y,5,,https://www.telekom.de/festnetz/tarife-und-optionen/internet-dsl,no_information,,80,stuttgart,70619,need_of_renovation,simple,,,false,no_information,no_information,n,flow:1,no_information,no_information,,2.5,,n,,,"2,active",true,deutschland,top,wohnung_kauf,n,false,7,,100 MBit/s,002.01009378996,245000,profile0,2,sillenbuch_bezirk,2,true,n,,Heumaden,n,n,Sillenbuch_Bezirk,MI834-W,3,Stuttgart,https://www.immobilienscout24.de/expose/157418190,2025-02-18,20:49:11,2025-02-18T16:47:20.000+01:00,Wohnungsalternative ! Gem√ºtliches H√§uschen - machen Sie was daraus !,"Freistehendes, gem√ºtliches Haus mit 2 ¬Ω Zimmern, Laminatboden im Erdgeschoss, Dielenboden im Obergeschoss. Kachelofenheizung, wei√üe Holzfenster, hell gefliestes Tageslichtbad, separates WC.
Das Haus ist bewohnbar und wurde bis vor kurzem auch noch bewohnt. Um dem heutigen Standard zu entsprechen, sind umfangreichere Modernisierungsma√ünahmen erforderlich. Die lichte Raumh√∂he betr√§gt ca. 2,00 m.

EG: Eingangsbereich / Flurbereich mit K√ºchenzeile, Wohnzimmer + kleineres Arbeitszimmer, WC mit Fenster
OG: Schlafzimmer, Tageslichtbad, Vorraum mit Einbauschrank als Ankleide, Zugang zum B√ºhnenraum.
Nebenr√§ume: Schuppenanbau, B√ºhnenraum, zwei von au√üen zug√§ngliche Kellerr√§ume",,"Zur√ºckversetzte Lage,  S√ºdausrichtung. 
Bushaltestellen (Linie 65) ca. 50 m entfernt. Die Haltestellen der U7; U8 und U15 sind zu Fu√ü in ca. 10 Gehminuten erreichbar ,oder problemlos mit dem Bus, (Bushaltestellen direkt an den Haltestellen der U7; U8; U15). Mehrere verschiedene Einkaufsm√∂glichkeiten im Ortszentrum von Heumaden (ca. 5 Gehminuten entfernt). Gute Infrastruktur und gute Verkehrsanbindung nach Stuttgart, Esslingen, zur B10 und Autobahn. Hoher Erholungs- und Freizeitwert.",,,,
Baden_W√ºrttemberg,central_heating,eyJvcnQiOiJTdHV0dGdhcnQiLCJvcnRzdGVpbCI6IiIsInN0cmFzc2UiOiJXYWx0ZXItRmxleC1TdHIuIiwiaGF1c251bW1lciI6IjQ4Iiwia2xzaWQiOjk5Mzc0NDYsImhhdXNudW1tZXJ6dXNhdHoiOiJCIiwicGx6IjoiNzA2MTkifQ%3D%3D,16512408,n,y,https://pictures.immobilienscout24.de/listings/6ff912ee-e781-466c-a573-bfbd2260a40e-1881735540.jpg/ORIG/resize/118x118%3E/extent/118x118/format/webp/quality/73,19,,1971,sillenbuch_ortsteil,false,157419783,1,oil,n,false,y,baden_w√ºrttemberg,y,7,3,https://www.telekom.de/festnetz/tarife-und-optionen/internet-dsl,no_information,energy_consumption,91.45,stuttgart,70619,no_information,simple,,F,false,underground_garage,no_information,y,flow:1,no_information,apartment,,3,194,n,,194,"2,active",true,deutschland,top,wohnung_kauf,n,false,11,4,1000 MBit/s,001.16124414,368000,profile0,6,sillenbuch_bezirk,3,true,y,,Sillenbuch_Ortsteil,n,n,Sillenbuch_Bezirk,336#YAOhl,4,Stuttgart,https://www.immobilienscout24.de/expose/157419783,2025-02-18,20:49:13,2025-02-18T18:17:01.000+01:00,Drei sonnige Zimmer mit Potential und Weitblick!,"Praktischer Grundriss, ruhige Wohnlage.

Heute d√ºrfen wir Ihnen eine helle 3-Zimmer-Wohnung in der vierten Etage eines Mehrfamilienhauses in Sillenbuch vorstellen. Genie√üen Sie hier den Komfort eines Aufzugs. Durch den baujahrestypischen Zustand hat man hier viel Potential f√ºr eine Neugestaltung. Die R√§ume warten darauf mit frischem Leben und kreativen Ideen gef√ºllt zu werden. Und das beste daran ist, diese ist aktuell schon frei und Sie k√∂nnen mit Ihrer Planung und Renovierung sofort loslegen.

Es gibt viel zu tun? Super!

Die Immobilie aus den Siebzigern befindet sich in der Walter-Flex-Stra√üe und blickt auf eine √ºber 50-j√§hrige Geschichte zur√ºck. Erbaut wurde es im Jahre 1971, was man an Architektur, Raumaufteilung und am Gesamtbild noch gut erkennen kann. Sch√∂n ist, dass die Anlage in ein gewachsenes Wohngebiet eingebettet und von einem kleinen Gemeinschaftsgarten erg√§nzt wird.

Die M√∂glichkeiten sind vielf√§ltig. Doch wovon sprechen wir √ºberhaupt?
3 Gestaltungsr√§ume mit vielen M√∂glichkeiten.

Auf ca. 92 m¬≤ Wohnfl√§che finden Sie hier drei Zimmer. Eines davon, l√§sst sich idealerweise als Wohn- und Esszimmer nutzen, von hier betreten Sie direkt die kleine Loggia und genie√üen einen Weitblick ins Gr√ºne.
Das zweite gro√üe Zimmer k√∂nnen Sie alternativ als Wohnzimmer wie auch als Schlafzimmer nutzen. Sie haben von hier aus auch eine Verbindungst√ºr zum Wohn- und Esszimmer.
√úber den Flurbereich kommen Sie dann in den hinteren Bereich der Wohnung. Hier finden Sie, geschickt separiert, Schlafzimmer, Bad, G√§ste-WC und K√ºche. Auch ein Home-Office l√§sst sich hier gut integrieren. Wie Sie sehen haben Sie hier vielf√§ltige Nutzungsm√∂glichkeiten der Bestandsr√§ume, genauso bietet Ihnen der Grundriss aber auch weitere Optionen f√ºr eine Neuplanung.

Zur Wohnung geh√∂rt ein Kellerraum, hier finden Sie Staufl√§che f√ºr Ihre wichtigen Utensilien. Abgerundet wird das Gesamtangebot durch den dazugeh√∂rigen Tiefgaragenstellplatz.

Ist das die Wohnung f√ºr Sie?

Die gut geschnittene 3-Zimmer-Wohnung passt genauso gut zu Paaren wie zu einer kleinen Familie ‚Äì Menschen, die ihren Wohntraum mit Kreativit√§t und Ideen nach ihren eigenen W√ºnschen gestalten und dann beziehen m√∂chten.

Dies alles sind auch gute Argumente f√ºr Kapitalanleger, die ein Renditeobjekt mit vielf√§ltigem Potenzial suchen ‚Äì Sie finden hier eine Anlagem√∂glichkeit mit Zukunft.

Wenn Sie ruhig wohnen m√∂chten, eine gute Infrastruktur mit kurzen Wegen ben√∂tigen und gleichzeitig auf eine gute Anbindung angewiesen sind, werden Sie hier gl√ºcklich werden!","Alle wichtigen Eckdaten im √úberblick:

‚Ä¢	Ca. 92 m¬≤ Wohnfl√§che.
‚Ä¢	Erleben Sie ein gro√üz√ºgiges Wohngef√ºhl durch die praktische Grundrissgestaltung.
‚Ä¢	Helle R√§ume, viele M√∂glichkeiten.
‚Ä¢	Loggia mit Weitblick ins Gr√ºne in westlicher Ausrichtung.
‚Ä¢	Bad mit Badewanne und WC.
‚Ä¢	G√§ste-WC.
‚Ä¢	1 Kellerraum.
‚Ä¢	Gemeinschaftlich: Waschk√ºche, Fahrradraum.
‚Ä¢	Aufzug bis in das Untergeschoss.
‚Ä¢	1 TG-Stellplatz im Kaufpreis inklusive.
‚Ä¢	Hausmeisterservice inklusive.
‚Ä¢	Genie√üen Sie eine ruhige Wohnlage mit guten Anbindungen an die Infrastruktur.

Die Immobilie entspricht noch dem baujahrestypischen Zustand, ist renovierungsbed√ºrftig und bietet somit viel Potential f√ºr eine komplette Neugestaltung. Mit Unterst√ºtzung einer fachm√§nnischen Hand und etwas Energie, k√∂nnen Sie hier Ihren neuen Wohntraum realisieren.

Gerne stehen wir Ihnen f√ºr eine pers√∂nliche Beratung zur Verf√ºgung, wir freuen uns auf Ihre Kontaktaufnahme.","Wie werden Sie hier wohnen?

Sillenbuch liegt etwas s√ºdlich der Kernstadt Stuttgart, von der es durch den dicht bewaldeten Frauenberg getrennt ist.

Die Wohnung befindet sich in einer ruhigen Wohnlage von Sillenbuch. Die Infrastruktur ist sehr gut. Alle Einkaufsm√∂glichkeiten sind fu√ül√§ufig in wenigen Minuten erreichbar. Auch f√ºr Familien mit Kindern ist hier vor Ort gesorgt denn Sillenbuch bietet eine Grundschule, Kinderg√§rten und das Geschwister-Scholl-Gymnasium sowie eine Deutsch-Franz√∂sische Schule.

Die Buslinien 65, 70 und die Stadtbahn mit der U7 sind in wenigen Minuten zu Fu√ü erreichbar. Ebenfalls eine gute und schnelle Anbindung haben Sie an die B10, B27, die BAB8, den Flughafen sowie zur Neuen Messe Stuttgart.

Das Naturschutzgebiet ""Eichenhain"", die ruhige, gr√ºne Umgebung mit den W√§ldern, Feldern oder dem nahen Ramsbachtal sind beliebte Naherholungsgebiete. Wer hier wohnt, genie√üt einen hohen Freizeit- und Erholungswert.",,399.29,,
Baden_W√ºrttemberg,central_heating,eyJvcnQiOiJTdHV0dGdhcnQiLCJvcnRzdGVpbCI6IiIsInN0cmFzc2UiOiJCaXJrZW5k9nJmbGUiLCJoYXVzbnVtbWVyIjoiNiIsImtsc2lkIjoxNzA5MDU5OCwiaGF1c251bW1lcnp1c2F0eiI6IiIsInBseiI6IjcwMTkxIn0%3D,735194,n,y,https://pictures.immobilienscout24.de/listings/6d96ab81-888f-4107-8c77-e2f9bad70a5a-1881711450.jpg/ORIG/resize/118x118%3E/extent/118x118/format/webp/quality/73,10,,1956,m√∂nchhalde,false,157418195,,oil,y,false,y,baden_w√ºrttemberg,y,7,2,https://www.telekom.de/festnetz/tarife-und-optionen/internet-dsl,6,energy_consumption,56,stuttgart,70191,modernized,sophisticated,,F,false,no_information,Birkend&ouml;rfle,n,flow:0,Birkend√∂rfle,raised_ground_floor,,2,184,n,2015,11,"2,active",true,deutschland,top,wohnung_kauf,y,false,7,,250 MBit/s,001.735194,335000,profile0,,nord,2,true,n,,M√∂nchhalde,n,n,Nord,TI-5835,2,Stuttgart,https://www.immobilienscout24.de/expose/157418195,2025-02-18,20:49:17,2025-02-18T16:44:55.000+01:00,Lichtdurchflutet Wohnen am Killesberg ‚Äì Schmuckst√ºck in Toplage,"Zum Verkauf steht eine vermietete 2-Zimmer-Wohnung mit ca. 56 m¬≤ Wohnfl√§che in Stuttgart-Nord. Die Wohngegend am Killesberg z√§hlt zu den begehrten Lagen in Stuttgart. 

Highlights:
+ Gut geschnittene und helle 2-Zimmer-Wohnung
+ Sehr ruhige Top-Lage am Killesberg
+ Neuwertige Einbauk√ºche
+ Eichen-Parkettboden

Lassen Sie sich von dieser modernen Wohnung begeistern. Diese eignet sich hervorragend zur Eigennutzung oder Kapitalanlage. Hier k√∂nnen Sie Ihren Wohntraum verwirklichen. 

Bei Interesse fordern Sie gerne unser ausf√ºhrliches Expos√© an. 
Wir freuen uns Sie bei einer Besichtigung begr√º√üen zu d√ºrfen.","Diese 2-Zimmer-Wohnung verf√ºgt √ºber folgende Ausstattungsmerkmale:

+ Heizung: √ñl-Zentralheizung (Baujahr 2000)
+ Fenster: Dreifach verglaste Kunststofffenster, teilweise mit elektrischen Rollos (Baujahr 2016)
+ Fu√übodenbelag: Parkett, Fliesen
+ Badezimmer innenliegend mit Dusche und Waschbecken
+ WC mit Fenster
+ Einbauk√ºche mit allen Elektroger√§ten
+ Balkon

Weiteres:
+ Kellerraum
+ Waschkeller

Mieteinnahmen:
Die Immobilie ist an eine zuverl√§ssige Mieterin vermietet. Die monatliche Kaltmiete betr√§gt 1.000 Euro, die monatlichen Nebenkosten 200 Euro.

Hausgeld und R√ºcklagen:
Das monatliche Hausgeld betr√§gt 355 Euro. Der R√ºcklagenbestand f√ºr das Wohngeb√§ude betr√§gt 104.850,05 Euro (Stand 31.12.2023). Der Anteil f√ºr die Wohnung bel√§uft sich auf 13.106,25 Euro. 

Weitere Informationen erhalten Sie sehr gerne auf Anfrage.","Umgebung
Die Immobilie befindet sich im √§u√üerst beliebten Stuttgarter Stadtbezirk Stuttgart-Nord, einer zentral gelegenen Wohngegend. In der Umgebung gibt es Einkaufsm√∂glichkeiten, Apotheken und Arztpraxen, die eine gute Versorgung gew√§hrleisten. Zudem bietet der Stadtteil eine Auswahl an Restaurants und Caf√©s sowie eine gute Infrastruktur mit Bildungseinrichtungen und weiteren Dienstleistungsangeboten.

Freizeit- und Kulturangebote
Der Stadtteil Nord in Stuttgart bietet vielf√§ltige Freizeit- und Erholungsm√∂glichkeiten. Der H√∂henpark Killesberg l√§dt mit weitl√§ufigen Spazierwegen und Gr√ºnfl√§chen zu Erholung und sportlichen Aktivit√§ten ein. Kulturell pr√§gend ist das Theaterhaus am Pragsattel, das ein abwechslungsreiches Veranstaltungsprogramm bietet. Dank der N√§he zur Innenstadt sind die Stuttgarter Kulturszene mit dem gro√üen und kleinen Haus sowie zahlreiche Museen, Kinos und Ausstellungen schnell erreichbar. Erg√§nzt wird das Freizeitangebot durch diverse Sportvereine, Fitnessstudios und weitere Freizeiteinrichtungen in der Umgebung.

Anbindung √ñPNV & PKW
Die Anbindung an den √∂ffentlichen Nahverkehr ist sehr gut. In unmittelbarer N√§he befindet sich die Bushaltestelle ‚ÄûHelfferichstra√üe‚Äú, die nur 230 m entfernt liegt. F√ºr Autofahrer ist die Bundesstra√üe B27 in kurzer Zeit erreichbar, die eine Verbindung zu den Autobahnen A8 und A81 erm√∂glicht.",,,true,disabled
Baden_W√ºrttemberg,,eyJvcnQiOiJTdHV0dGdhcnQiLCJvcnRzdGVpbCI6IiIsInN0cmFzc2UiOiJCcmVpdHNjaGVpZHN0ci4iLCJoYXVzbnVtbWVyIjoiNDkiLCJrbHNpZCI6MjA5MjY5NjMsImhhdXNudW1tZXJ6dXNhdHoiOiIiLCJwbHoiOiI3MDE3NiJ9,16540646,n,n,https://pictures.immobilienscout24.de/listings/4e854419-23c3-4f77-a8d7-df2a506c221f-1881553508.jpg/ORIG/resize/118x118%3E/extent/118x118/format/webp/quality/73,20,12,1913,rosenberg,false,157406828,,gas,y,false,y,baden_w√ºrttemberg,y,7,1,https://www.telekom.de/festnetz/tarife-und-optionen/internet-dsl,no_information,,80,stuttgart,70176,well_kept,no_information,,,false,no_information,no_information,n,flow:1,no_information,no_information,,4,,n,,,"2,active",true,deutschland,top,wohnung_kauf,y,false,19,,250 MBit/s,002.01007317877,340000,profile0,,west,4,true,n,showqualicontactform,Rosenberg,n,n,West,LDW1.NW.9591,3,Stuttgart,https://www.immobilienscout24.de/expose/157406828,2025-02-18,20:49:21,2025-02-18T08:28:19.000+01:00,Charmante 4-Zimmer-Dachgeschosswohnung in denkmalgesch√ºtztem Altbau,"Diese stilvolle 4-Zimmer-Dachgeschosswohnung befindet sich in einem historischen Mehrfamilienhaus aus dem Jahr 1913 und vereint den einzigartigen Charme denkmalgesch√ºtzter Bausubstanz mit modernem Wohnkomfort. Gelegen im begehrten Stuttgarter Westen, besticht die Wohnung durch ihre zentrale Lage, exzellente Infrastruktur und die unmittelbare N√§he zu zahlreichen Caf√©s, Restaurants, Einkaufsm√∂glichkeiten und kulturellen Einrichtungen. Die hervorragende Anbindung an den √∂ffentlichen Nahverkehr macht sie besonders attraktiv f√ºr Stadtliebhaber.

Die gro√üz√ºgige Wohnung befindet sich im Dachgeschoss eines gepflegten 7-Parteienhauses und verf√ºgt √ºber eine durchdachte Raumaufteilung, die lichtdurchflutete Wohnbereiche mit klassischem Altbau-Charme verbindet. 

Der offen gestaltete Wohnbereich bietet vielf√§ltige Nutzungsm√∂glichkeiten, w√§hrend die angrenzende K√ºche funktional ausgestattet ist. Das moderne Tageslichtbad verf√ºgt √ºber eine Dusche und Waschbecken, zus√§tzlich gibt es ein separates G√§ste-WC. Die vier Zimmer lassen sich flexibel als Wohn-, Schlaf-, Arbeits- oder G√§stezimmer nutzen. 

Aktuell ist die Wohnung an eine Wohngemeinschaft vermietet, was sie auch als Kapitalanlage attraktiv macht. 

Die Kombination aus einer gefragten Wohnlage, der denkmalgesch√ºtzten Architektur und dem besonderen Flair eines Stuttgarter Altbaus macht diese Immobilie zu einem seltenen Angebot auf dem Markt. 

F√ºr weitere Informationen oder eine Besichtigung stehen wir Ihnen gerne zur Verf√ºgung.",,"Zwischen City und Natur ist Stuttgart-West der gr√∂√üte Innenstadtbezirk. Ums√§umt von Karlsh√∂he, Hasenberg und Kr√§herwald, gro√üen Gr√ºn- und Waldgebieten, machen den Westen zu einem sehr beliebten Wohnort. 
In mehreren kleinen Zentren finden sich Fachgesch√§fte, Superm√§rkte, √Ñrzteh√§user, alle Schulen und Kinderg√§rten. 
Einrichtungen wie das 'Theater der Altstadt im Westen', das 'Merlin'-Kulturcaf√© sowie private Galerien pr√§gen das kulturelle Leben. Der Westen bietet zudem eine gro√üe Auswahl an Gastronomie. So kann man Restaurants, Kneipen und Caf√©s auf nahezu jedem Niveau finden. Auch ein gewisses Nachtleben kann man hier in Bars und Clubs genie√üen.

Die Anbindung im √∂ffentlichen Nahverkehr kann man als hervorragend bezeichnen. So halten alle sechs S-Bahnlinien der Stadt im Westend. Man erreicht in ca. 20 min. den Stuttgarter Flughafen. Ebenso bedienen die Stadtbahnlinien U2, U4 und U9 den Stadtbezirk, erg√§nzt durch die Buslinien 42, 44 und 92.
Auch mit dem Auto ist Stuttgart-West gut erreichbar. √úber die Rotenwaldstra√üe gelangt man schnell zur Autobahn A8. Acht Parkgebiete erleichtern den Anwohnern die Parkplatzsuche.",,260,,disabled
Baden_W√ºrttemberg,central_heating,eyJvcnQiOiJTdHV0dGdhcnQiLCJvcnRzdGVpbCI6IiIsInN0cmFzc2UiOiJOZXVlIFdlaW5zdGVpZ2UiLCJoYXVzbnVtbWVyIjoiMTYiLCJrbHNpZCI6NzI5OTgzNiwiaGF1c251bW1lcnp1c2F0eiI6IiIsInBseiI6IjcwMTgwIn0%3D,16969549,n,n,https://pictures.immobilienscout24.de/listings/e94cae41-78e4-4fe3-910e-aeee901d62fe-1881654825.jpeg/ORIG/resize/118x118%3E/extent/118x118/format/webp/quality/73,15,,1892,lehen,false,157412833,,no_information,n,false,y,baden_w√ºrttemberg,y,8,1,https://www.telekom.de/festnetz/tarife-und-optionen/internet-dsl,16,,84,stuttgart,70180,modernized,no_information,,,false,no_information,Neue Weinsteige,n,flow:1,Neue_Weinsteige,roof_storey,,3,,n,2025,,"2,active",true,deutschland,top,wohnung_kauf,n,false,7,4,1000 MBit/s,002.01007758973,479900,profile0,,s√ºd,3,true,n,,Lehen,n,n,S√ºd,157412833,4,Stuttgart,https://www.immobilienscout24.de/expose/157412833,2025-02-18,20:49:25,2025-02-18T14:58:00.000+01:00,Liebhaberst√ºck- gro√üe und attraktive 3 Zi DG-Wohnung mit Option auf einzigartigen Maisonette-Ausbau,"Dieses in sch√∂ner Hang-und Ecklage stehende Villengeb√§ude wurde ca. 1892 nach Entw√ºrfe der Architekten A. Mayer und A. R√∂sch erbaut.
Das repr√§sentative Geb√§ude im Stil der deutschen Renaissance geh√∂rt mit seinem unverputzten Ziegelbau und den farbig kontrastierenden Sandsteindetails an den Gesimsen und den Gew√§nden zu den architekturgeschichtlichen und erhaltungsw√ºrdigen Bauten der Stadt Stuttgart.
Es beeindrucken die beiden Erker mit den reich gestalteten Zwerchgiebeln, die Betonung der Wandfl√§chen durch die Gesimsb√§nder sowie die kr√∂nenden Dachh√§uschen.
Das Geb√§ude besteht aktuell aus sechs attraktiven Wohneinheiten.
Der Eigent√ºmer hat die umfangreichen Modernisierungs- und Renovierungsarbeiten auf seine Kosten so gut wie abgeschlossen. Es fanden aufwendige Arbeiten an der Fassade mit den Balkonen statt, das Treppenhaus wurde renoviert, eine neue Holzhauseingangst√ºr in Kassettenoptik sowie eine neue Klingel-/Sprech-und Briefkastenanlage wurden eingebaut.
Es fanden Arbeiten an der Haustechnik statt, so wurden Steigleitungen erneuert und neue Z√§hlerschr√§nke eingebaut. Jede Wohnung erhielt eine Anschlussstation f√ºr die neuen Steigleitungen.
Die Au√üenanlage vor und hinter dem Haus wird derzeit mit diversen Arbeiten versch√∂nert.
Nun erstrahlt diese bemerkenswerte Villa in noch sch√∂nerem Glanz!","Wohnen und Leben √ºber den D√§chern Stuttgarts in absolut gefragter und beliebter Halbh√∂henlage!

Diese √§usserst gro√üz√ºgige und charmante 3 Zimmer Wohnung, derzeit aufgeteilt in Wohnen, Essen, Arbeiten und Schlafen bietet Ihnen neben einem einzigartigen Blick viel Platz und Raum und sie befindet sich im ersten Dachgeschoss eines wundersch√∂nen, modernisierten Altbaus.
Mit einer Wohnfl√§che von ca. 84 qm generiert diese Wohnung ausreichend Platz f√ºr die eigene Kreativit√§t und die Gestaltung individueller Wohntr√§ume.
Lassen Sie sich von den hellen Zimmern und dem sch√∂nem Ausblick beeindrucken. Geniessen Sie das unverwechselbare Wohn-Gef√ºhl on top.
Die vielen Fenster holen viel Sonne und Licht herein und vermitteln den sp√ºrbaren Wohlf√ºhlcharakter.
√úber den privaten Eingangs-und Empfangsbereich gelangen Sie unmittelbar in alle R√§umlichkeiten.

Das Highlight k√∂nnte die zus√§tzlich  dar√ºber befindliche Fl√§che des Zweiten Dachgeschoss werden.
Eine weitere Wohnfl√§che mit circa 94 qm f√ºr einen zus√§tzlichen Kaufpreis in H√∂he von Euro 219.900,- (inklusive Baugesuch) k√∂nnte realisiert werden.
Denkbar w√§ren eine eigenst√§ndige Einheit mit 3-4 Zimmern oder in Verbindung mit der angebotenen Wohnung eine gro√üe Dachgeschoss Maisonette Wohnung.

Die liebevolle und detailgetreue Modernisierung des Gemeinschaftseigentums in den Jahren 2024 /2025 durch den Verk√§ufer wird f√ºr zus√§tzlichen Wertzuwachs dieser Immobilie sorgen.

Diese Wohnung verspricht ein gro√üartiges Wohngef√ºhl mit absolutem Alleinstellungsmerkmal!","Die Lage in der Neuen Weinsteige im Stuttgarter S√ºden zeichnet sich durch seine sehenswerte Gr√ºnderzeit- und Jugendstilarchitektur aus und geh√∂rt zu den erstklassigen Lagen der Stadt. 
Als Stadtliebhaber wohnt und lebt man gerne im Stuttgarter S√ºden in den herrlichen Hang-und Halbh√∂henlagen und in unmittelbarere N√§he zu Stuttgarts beliebter Innenstadt.
Durch seine Randlage ist der Stuttgarter S√ºden von viel Gr√ºn umgeben und gilt zurecht als gr√ºne Lunge Stuttgarts, denn diese Frischluftschneise gewinnt immer mehr an Bedeutung.
Geniessen Sie die N√§he zu Parkanlagen, Waldgebieten und zahlreichen Gr√ºnfl√§chen. 
Ausgedehnte Spazierg√§nge k√∂nnen Sie jederzeit im Wernhaldenpark oder im Wei√üenburgpark unternehmen, das dort gelegene Teehaus mit seinem Jugendstil Pavillon bietet eine tolle Gelegenheit zur Einkehr oder f√ºr ein entspanntes Picknick im Gr√ºnen.
Alle Einrichtungen des t√§glichen Bedarfs wie Restaurants, Caf√©s, Apotheken, √Ñrzte und Einkaufsm√∂glichkeiten sind bequem in 5 bis 10 Minuten zu Fu√ü erreichbar. 
Etwas mehr st√§dtisches Treiben finden Sie in nur 15 Gehminuten am Marienplatz mit seinen Caf√©s, seinen Wochenm√§rkten, seinen kulturellen Veranstaltungen und der weit bekannten und beliebten Zahnradbahn ‚ÄûZacke‚Äú.
Des Weiteren befinden sich Kinderg√§rten, Grundschulen, Realschulen, Gymnasien, Hochschulen und die Universit√§t Stuttgart in unmittelbarer Umgebung.
Die n√§chstgelegene Bushaltstelle ‚ÄûFalbenhennenstra√üe‚Äú erreichen Sie in nur 3 Minuten, die Bahnhaltestelle ‚ÄûBopser‚Äú in 7 Minuten. 
Etliche Staffele, auch direkt vor der Haust√ºr, versprechen kurze und direkte Wege.
Hier vereinen sich urbanes Leben und gr√ºne Oasen in perfekter Harmonie.",,,,
Baden_W√ºrttemberg,district_heating,,1145040,n,y,https://pictures.immobilienscout24.de/listings/4e056d7d-4104-4b7b-ba51-d9e81c318454-1881569123.jpg/ORIG/resize/118x118%3E/extent/118x118/format/webp/quality/73,8,,1998,,false,157408069,,district_heating,y,false,y,baden_w√ºrttemberg,y,6,5,,no_information,energy_consumption,63.5,esslingen_kreis,73760,modernized,sophisticated,,C,false,no_information,no_information,y,flow:1,no_information,no_information,,2,92.4,n,,42,"2,active",,deutschland,top,wohnung_kauf,y,false,19,3,,001.1145040,289000,profile0,,ostfildern,2,true,n,showqualicontactform,,n,n,Ostfildern,102-951,3,Esslingen_Kreis,https://www.immobilienscout24.de/expose/157408069,2025-02-18,20:49:29,2025-02-18T09:40:35.000+01:00,3-Fach toll,"Hier bekommen Sie eine 3-Fach tolle 2 Zimmer Wohnung.

tolle Lage - Sie erreichen alles fu√ül√§ufig, Caf√©s, B√§ckereien, Superm√§rkte, √Ñrzte, Kinderg√§rten, Schulen, Stra√üenbahn, ... 
tolle Wohnung - 2015 komplett renoviert und super gepflegt von den aktuellen Mietern bewohnt
tolle Mieter - √ºberzeugen Sie sich selbst von diesen Mietern

Wir freuen uns √ºber Ihre Anfrage.","Isolierglasfenster, Einbauk√ºche mit Elektroger√§ten, Balkon, Breitbandkabelanschluss, Hausmeistervollservice, Unterkellerung, Nebenr√§ume : Kellerraum, Abstellraum, in der Wohnung.

WEITERE GRUNDDATEN
- Baujahr: 1998, 2015 komplett renoviert
- Ausstattungsqualit√§t: gehoben
- Objektzustand: modernisiert
- 3. Geschoss

B√ñDEN
- Fliesenboden
- Laminatboden

B√ÑDER
1. Sanit√§rbereich: Dusche, Handtuchheizk√∂rper, Toilette, Fenster.

HEIZUNG UND ENERGIE
- Fernw√§rme
- Fernw√§rme

ZUG√ÑNGIGKEIT
- Personenaufzug/Lift

KAPITALANLEGER
- Die Immobilie ist vermietet
- Jahresmieteinnahme (zzgl. Nebenkosten): 10.560,00 ‚Ç¨ *
- Rendite: 3,65 % *

* Dies ist eine Kurzberechnung! Mietsteigerungen und Aufw√§ndungen jeder Art k√∂nnen die Rendite wesentlich ver√§ndern.

",,,270,,
Baden_W√ºrttemberg,self_contained_central_heating,eyJvcnQiOiJTdHV0dGdhcnQiLCJvcnRzdGVpbCI6IiIsInN0cmFzc2UiOiJTY2htaWRlbmVyIFN0ci4iLCJoYXVzbnVtbWVyIjoiMTY0Iiwia2xzaWQiOjIwMzMzOTQ0LCJoYXVzbnVtbWVyenVzYXR6IjoiIiwicGx6IjoiNzAzNzQifQ%3D%3D,4204459,n,n,https://pictures.immobilienscout24.de/listings/f663817b-80ce-4999-9330-8147650a6617-1881690643.jpg/ORIG/resize/118x118%3E/extent/118x118/format/webp/quality/73,11,6,1918,schmidener_vorstadt,false,157411933,,gas,y,false,n,baden_w√ºrttemberg,y,5,1,https://www.telekom.de/festnetz/tarife-und-optionen/internet-dsl,no_information,energy_required,64,stuttgart,70372,refurbished,normal,,H,false,no_information,no_information,n,flow:0,no_information,apartment,,2,263.8,n,2014,,"2,active",true,deutschland,standard,wohnung_kauf,y,false,10,3,250 MBit/s,001.4204459,220000,profile1_listingtype,4,bad_cannstatt,2,true,n,showqualicontactform,Schmidener_Vorstadt,n,n,Bad_Cannstatt,157411933,3,Stuttgart,https://www.immobilienscout24.de/expose/157411933,2025-02-18,20:49:32,2025-02-18T15:48:57.000+01:00,"Sonnige, sanierte 2-Zi.-Wohnung, 3. OG in Bad Cannstatt","Modern sanierte 2- Zimmer-Wohnung im 3. OG eines 10-Parteien-Mehrfamilienhauses in Bad Cannstatt.                                        Hausmeister-Service vorhanden.
Die Wohnung wurde im Jahr 2014 hochwertig saniert und mit einer EBK ausgestattet,( Herd, Dunstabzug, Sp√ºlmaschine, Waschmaschine, K√ºhlschrank )
Bei der Sanierung 2014 wurden die elektrischen Leitungen sowie der Schaltkasten neu verlegt. Im Jahr 2023 wurde eine neue Gas-Therme installiert.
Die Wohnung ist vermietet und wird zum August 2025 frei.",,"Lage
Die Wohnung liegt in Bad-Cannstatt, (Halbh√∂henlage) an einer urbanen Stra√üe.
Sehr gute Verkehrsanbindung, U-Bahnstation ( U2 Obere Ziegelei) oder Bus 58 nur wenige Gehminuten entfernt. ca.15 Fahrminuten zur Stadtmitte Stuttgart.
Gesch√§fte des t√§glichen Bedarfs wie B√§cker u. Discounter usw. sind in wenigen Gehminuten zu Fu√ü erreichbar, ebenso sind der Kurpark Bad Cannstatt rasch erreichbar oder Freizeitaktivit√§ten (laufen, Radfahren) am Rande der Weinbergen gut m√∂glich.",,186,,
Baden_W√ºrttemberg,central_heating,eyJvcnQiOiJTdHV0dGdhcnQiLCJvcnRzdGVpbCI6IiIsInN0cmFzc2UiOiJHZXJtZXJzaGVpbWVyIFN0ci4iLCJoYXVzbnVtbWVyIjoiOSIsImtsc2lkIjoxNzA4ODk5MCwiaGF1c251bW1lcnp1c2F0eiI6IiIsInBseiI6IjcwNDk5In0%3D,382393,n,y,https://pictures.immobilienscout24.de/listings/219a13a2-2505-4627-8d50-e5c1fdcdffbf-1881702149.jpg/ORIG/resize/118x118%3E/extent/118x118/format/webp/quality/73,14,,1978,weilimdorf_ortsteil,false,157417506,1,gas,y,false,y,baden_w√ºrttemberg,y,6,3,https://www.telekom.de/festnetz/tarife-und-optionen/internet-dsl,no_information,energy_required,72,stuttgart,70499,well_kept,no_information,,F,false,garage,no_information,n,flow:0,no_information,roof_storey,,3,199.4,n,2024,,"2,active",true,deutschland,top,wohnung_kauf,n,false,10,2,250 MBit/s,001.382393,290000,profile0,,weilimdorf_bezirk,3,true,n,,Weilimdorf_Ortsteil,n,n,Weilimdorf_Bezirk,122442229#3nM1mV,3,Stuttgart,https://www.immobilienscout24.de/expose/157417506,2025-02-18,20:49:36,2025-02-18T16:11:47.000+01:00,Gepflegte Dachgeschosswohnung mit Aussichtsbalkon,"Die Eigentumswohnung befindet sich in einem sehr gepflegten 3-Familienhaus in ruhiger, zentrumsnaher Lage von Stuttgart-Weilimdorf. Die Stadtbahnhaltestelle der U6 und U16, die Bushaltestelle der Linie 90 sowie s√§mtliche Einrichtungen des t√§glichen Bedarfs sind in wenigen Gehminuten erreichbar.  Die Stuttgarter City  ist in ca. 15 Fahrminuten erreichbar. Weilimdorf verf√ºgt √ºber attraktive Einkaufsm√∂glichkeiten, eine gute √§rztliche Versorgung,  Kinderg√§rten, Kitas, Grund- und weiterf√ºhrende Schulen, einen Wochenmarkt sowie eine  Stadtb√ºcherei.","Gaszentralheizung. Holzisolierglasfenster. Bad mit Duschwanne und Glasduschwand,  Waschbecken, wei√üe Badm√∂bel, Spiegelschrank und Waschmaschinenanschluss ‚Äì graue Bodenfliesen, wei√üe Wandfliesen und wei√üe Sanit√§rgegenst√§nde. Separates WC mit Waschbecken - graue Bodenfliesen, wei√ümelierte Wandfliesen und wei√üe Sanit√§rgegenst√§nde. Wohnzimmer mit Parkett, Schlaf- und Kinderzimmer mit Laminatboden.  K√ºche und Flur mit  graue Bodenfliesen. Einbauk√ºche mit Fronten in Buche, Cerankochfeld, Backofen, Umluft, Geschirrsp√ºlmaschine sowie K√ºhl-/Gefrierschrank.  SAT-Anschluss. Hausgegensprechanlage. Balkon.

Des Weiteren geh√∂ren  zur Wohnung ein Abstellraum im Untergeschoss, eine Abstellfl√§che im Dachgeschoss sowie eine Garage (Nr. 3).


Folgende Renovierungs- und Modernisierungsma√ünahmen wurden bereits durchgef√ºhrt:
2012   Gesamtsanierung Fassade, Hauseingang, Gel√§nder und Keller
2016   Einbau  einer  gro√üen verglasten  Dusche / Erneuerung  der  Bodenfliesen im Bad, WC, 
Flur, K√ºche / Erneuerung der Wandfliesen im  Bad, WC, K√ºche / Erneuerung der Balkonfliesen und des Unterbaus
2017 	Internetzugang
2018	Neue Briefkastenanlage
2019    SAT-Anlage
2021    Balkon√ºberdachung f√ºr freie Gestaltung / Erh√∂hung des Balkongel√§nders
2024    Sanierung Garagendach und Installation einer komplett neuen Heizungsanlage",,,378,,disabled
Baden_W√ºrttemberg,,eyJvcnQiOiJTdHV0dGdhcnQiLCJvcnRzdGVpbCI6IiIsInN0cmFzc2UiOiJCb2NrZWxzdHIuIiwiaGF1c251bW1lciI6IjEyMSIsImtsc2lkIjo5NjY2OTE3LCJoYXVzbnVtbWVyenVzYXR6IjoiIiwicGx6IjoiNzA2MTkifQ%3D%3D,4338188,n,n,https://pictures.immobilienscout24.de/listings/4f53ea1f-ed37-4325-9b0b-cd83d203a152-1881666064.jpg/ORIG/resize/118x118%3E/extent/118x118/format/webp/quality/73,5,,1975,heumaden,false,157415008,,no_information,n,true,y,baden_w√ºrttemberg,y,6,3,https://www.telekom.de/festnetz/tarife-und-optionen/internet-dsl,no_information,energy_consumption,67,stuttgart,70619,no_information,no_information,,,false,no_information,no_information,n,flow:0,no_information,no_information,,2,174,n,,,"2,active",true,deutschland,top,wohnung_kauf,n,false,19,1,1000 MBit/s,001.4338188,299000,profile0,,sillenbuch_bezirk,2,true,n,showqualicontactform,Heumaden,n,n,Sillenbuch_Bezirk,6505737,3,Stuttgart,https://www.immobilienscout24.de/expose/157415008,2025-02-18,20:49:40,2025-02-18T14:00:15.166+01:00,2-Zimmer-Wohnung mit gro√üer Terrasse und Keller in Heumaden,"Hinweis: Aus R√ºcksicht auf die Privatsph√§re der aktuellen Mieter gibt es entsprechend keine innen Bilder der aktuellen Wohnung. 
Zur Veranschaulichung der R√§umlichkeiten dienen die Grundriss-Bilder. 
Weitere Informationen erhalten Sie nach Kontaktaufnahme.

Das Geb√§ude in Stuttgart Heumaden besticht durch seine attraktive Architektur und die hochwertige Bauweise. 
Die Immobilie ist renovierungsbed√ºrftig und pr√§sentiert sich in einem einfachen Zustand und steht zum Verkauf. 
Die Gr√∂√üe von 67 qm und Aufteilung der Wohnfl√§che, bieten in jedem Fall gro√üz√ºgige und lichtdurchflutete R√§ume, die ein angenehmes Wohngef√ºhl vermitteln.

Die Wohneinheit ist mit einem funktionalen Grundriss gestaltet, die sowohl Singles, Paare als auch Familien ansprechen. 
Gro√üe Fensterfronten sorgen f√ºr viel Tageslicht, w√§hrend hochwertige Bodenbel√§ge und stilvolle Details f√ºr ein ansprechendes Ambiente sorgen. 

Die Wohnung ist mit einer zeitgem√§√üen Einbauk√ºche ausgestattet, die √ºber alle notwendigen Elektroger√§te verf√ºgt. 
Die Einheit bietet zudem eine gro√üe Terrasse, die zus√§tzlichen Wohnraum im Freien schafft.

Zu den Highlights der Immobilie geh√∂ren die ruhige und dennoch zentrale Lage sowie die hervorragende Infrastruktur. 
Auch Gr√ºnfl√§chen und Parks sind in der N√§he und laden zu erholsamen Spazierg√§ngen und Freizeitaktivit√§ten ein.

Parkm√∂glichkeiten
Das Objekt verf√ºgt √ºber ausreichend Parkm√∂glichkeiten. Je nach Verf√ºgbarkeit k√∂nnen Garagenstellpl√§tze oder Au√üenstellpl√§tze angemietet werden, sodass Sie sich um Ihr Fahrzeug keine Sorgen machen m√ºssen.

Die Immobilie in Stuttgart, ist eine erstklassige Wahl f√ºr alle, die auf der Suche nach einem komfortablen und modernen Zuhause in einer begehrten Wohnlage sind. Ob zur Eigennutzung oder als Kapitalanlage ‚Äì dieses Objekt bietet hervorragende Voraussetzungen f√ºr ein zufriedenes Wohnen und eine nachhaltige Investition. Kontaktieren Sie mich gerne f√ºr weitere Informationen oder zur Vereinbarung eines Besichtigungstermins.

Daten zum Energieausweis: 

Energieeffizienzklasse: F 
Energiekennwert: 174 kWh 
Energietr√§ger: Erdgas 
Baujahr Geb√§ude: 1975
Baujahr W√§rmeerzeuger: 2011 
Ausweistyp: Energieverbrauchsausweis",,"Dieses charmante Objekt befindet sich in Heumaden, einer beliebten und ruhigen Wohngegend in Stuttgart. Die Lage bietet eine ideale Kombination aus urbanem Komfort und naturnahem Wohnen. Mit hervorragender Anbindung an √∂ffentliche Verkehrsmittel und die Autobahn sind Sie sowohl mit dem Auto als auch mit Bus und Bahn schnell im Stadtzentrum von Stuttgart und den umliegenden Stadtteilen.

Besonderheiten
Zu den Highlights der Immobilie geh√∂ren die ruhige und dennoch zentrale Lage sowie die hervorragende Infrastruktur. 
Auch Gr√ºnfl√§chen und Parks sind in der N√§he und laden zu erholsamen Spazierg√§ngen und Freizeitaktivit√§ten ein.

Das Objekt verf√ºgt √ºber ausreichend Parkm√∂glichkeiten. Je nach Verf√ºgbarkeit k√∂nnen Garagenstellpl√§tze oder Au√üenstellpl√§tze angemietet werden, sodass Sie sich um Ihr Fahrzeug keine Sorgen machen m√ºssen.

Die Immobilie in Stuttgart, ist eine erstklassige Wahl f√ºr alle, die auf der Suche nach einem komfortablen und modernen Zuhause in einer begehrten Wohnlage sind. Ob zur Eigennutzung oder als Kapitalanlage ‚Äì dieses Objekt bietet hervorragende Voraussetzungen f√ºr ein zufriedenes Wohnen und eine nachhaltige Investition. Kontaktieren Sie mich gerne f√ºr weitere Informationen oder zur Vereinbarung eines Besichtigungstermins.",,400,,disabled
Baden_W√ºrttemberg,district_heating,eyJvcnQiOiJTdHV0dGdhcnQiLCJvcnRzdGVpbCI6IiIsInN0cmFzc2UiOiJLbG9wc3RvY2tzdHIuIiwiaGF1c251bW1lciI6IjciLCJrbHNpZCI6OTk0ODUxNCwiaGF1c251bW1lcnp1c2F0eiI6IiIsInBseiI6IjcwMTkzIn0%3D,16924112,n,y,https://pictures.immobilienscout24.de/listings/57be3ed4-afa3-4223-ba31-dcf7dd75a85a-1881626397.jpg/ORIG/resize/118x118%3E/extent/118x118/format/webp/quality/73,11,,1956,h√∂lderlinplatz,false,157407267,,district_heating,n,true,y,baden_w√ºrttemberg,n,6,2,https://www.telekom.de/festnetz/tarife-und-optionen/internet-dsl,no_information,energy_consumption,71,stuttgart,70193,well_kept,normal,,C,false,no_information,no_information,n,flow:0,no_information,no_information,,3,82.3,n,,,"2,active",true,deutschland,top,wohnung_kauf,y,false,19,1,250 MBit/s,009.06041d57-de1b-4a48-987b-3b0882138407,295000,profile0,3,west,3,true,n,,H√∂lderlinplatz,n,n,West,157407267,3,Stuttgart,https://www.immobilienscout24.de/expose/157407267,2025-02-18,20:49:44,2025-02-18T08:58:58.000+01:00,"Charmante 3-Zimmer-Wohnung, top Lage in Stuttgart-West","Objektnr: 1065563 

Die charmante 3-Zimmer-Wohnung in der Klopstockstra√üe in Stuttgart-West vereint Wohnkomfort mit urbanem Lebensstil und bietet auf knapp 71 m2 eine durchdachte Raumaufteilung, die sowohl Singles als auch Paare oder kleine Familien anspricht.

Der gro√üz√ºgige Wohnbereich ist lichtdurchflutet und gew√§hrt direkten Zugang zu einem der beiden Balkone, die ideal zum Entspannen und Genie√üen der Sonne einladen. 
√úber die K√ºche gelangt man auf einen weiteren kleinen Balkon, der zus√§tzlichen Raum und eine angenehme M√∂glichkeit bietet, frische Luft zu genie√üen. 
Das Badezimmer verf√ºgt √ºber eine Badewanne und Tageslicht und es gibt ein separates G√§ste-WC.
Ein helles Schlafzimmer mit ruhiger Ausrichtung zum Innenhof sorgt f√ºr erholsame N√§chte, w√§hrend das zus√§tzliche Zimmer flexibel als B√ºro, Kinderzimmer oder G√§stezimmer genutzt werden kann. 

Die Wohnung befindet sich in einem gepflegten Mehrfamilienhaus in einer ruhigen Seitenstra√üe mit
ausgezeichneter Infrastruktur. Einkaufsm√∂glichkeiten, Caf√©s und Restaurants sind bequem zu Fu√ü erreichbar und bieten eine hohe Lebensqualit√§t. 
Die Anbindung an den √∂ffentlichen Nahverkehr ist optimal, sodass sowohl die Innenstadt als auch andere Stadtteile schnell und unkompliziert erreicht werden k√∂nnen. 
Die Kombination aus durchdachtem Wohnraum, zwei Balkonen und der begehrten Lage in Stuttgart-West macht diese Wohnung zu einem attraktiven Zuhause f√ºr all jene, die das Stadtleben mit einem hohen Ma√ü an Wohnqualit√§t verbinden m√∂chten.

",,,,,true,disabled
Baden_W√ºrttemberg,no_information,eyJvcnQiOiJTdHV0dGdhcnQiLCJvcnRzdGVpbCI6IiIsInN0cmFzc2UiOiJIaW5kZWxhbmdlciBTdHIuIiwiaGF1c251bW1lciI6IjgiLCJrbHNpZCI6MTM1NTU1NjcsImhhdXNudW1tZXJ6dXNhdHoiOiIiLCJwbHoiOiI3MDMyNyJ9,16277919,n,y,https://pictures.immobilienscout24.de/listings/ea003021-4fc5-4ec7-857f-e297835cc31c-1880849648.jpg/ORIG/resize/118x118%3E/extent/118x118/format/webp/quality/73,29,30,1910,untert√ºrkheim_ortsteil,false,157333109,,gas,y,false,y,baden_w√ºrttemberg,y,6,1,https://www.telekom.de/festnetz/tarife-und-optionen/internet-dsl,no_information,,48.59,stuttgart,70327,well_kept,sophisticated,,,false,no_information,no_information,n,flow:1,no_information,no_information,,2,,n,2024,,"2,active",true,deutschland,premium,wohnung_kauf,n,false,18,3,250 MBit/s,001.15954944,269000,profile0,3,untert√ºrkheim_bezirk,2,true,n,showqualicontactform,Untert√ºrkheim_Ortsteil,n,n,Untert√ºrkheim_Bezirk,157333109,2,Stuttgart,https://www.immobilienscout24.de/expose/157333109,2025-02-18,20:49:48,2025-02-18T14:44:19.000+01:00,S√ºdl√§ndische Terrasse - Kaminofen - 87 qm Grundfl√§che!,"Eine wunderbar helle und ganz besondere Wohnung im 2. DG kommt hier zum Verkauf.

In zentrumsnaher Lage Untert√ºrkheims entstand das gepflegte Geb√§ude im Jahr 1910 auf einem 205 qm gro√üen Grundst√ºck. 1994 wurde im 2. Dachgeschoss eine neue 2-Zimmer-Wohnung erstellt, so dass das Geb√§ude heute insgesamt 6 Wohnungen und eine Gewerbeeinheit umfasst. 

Ob zur Eigennutzung oder als Kapitalanlage - diese lichtdurchflutete Wohnung hat einiges zu bieten: 

Mit nur 48 qm Wohnfl√§che nach WoFIV ist sie wirklich ein kleines Raumwunder:
Die vermessene Grundfl√§che als Basis zur WoFIV betr√§gt 87 qm.  Hinzu kommt noch ein Treppenaufgang mit Absatz (Platz f√ºr einen Schuhschrank und Garderobe - wurde nicht in die Berechnung einbezogen).

Auf der 38 qm gro√üen Terrasse (mit 7,8 qm in der Wohnfl√§che enthalten) √∂ffnet sich ein fast kompletten Rundblick √ºber  die D√§cher von Untert√ºrkheim, die Weinberge und den Wangener Berg, und man f√ºhlt sich wie in s√ºdlichen Gefilden. Mit einer Outdoor Lounge unter einem Sonnensegel - einer H√§ngematte - vielen gro√üen Gr√ºnpflanzen - einem Grill - ..... kann diese Terrasse ein Sommertraum werden.

Der besondere Zuschnitt der Wohnung l√§sst sich am besten bei einer Besichtigung vor Ort erleben.

Vom Treppenaufgang kommen Sie in den gem√ºtlichen Wohnbereich. Dieser ist optisch mit offenem Fachwerk vom Essbereich abgetrennt. Der Kaminofen (erneuert 2023) verbreitet hier eine kuschelige W√§rme. Gegen√ºberliegend befindet sich die offen gehaltene K√ºche. 
Im mittleren Teil der Wohnung liegen einerseits das 2017/2018 komplett renovierte Bad mit Dusche, Waschbecken, WC und Gastherme (2018) und andererseits ein super praktischer begehbarer Kleiderschrank. 
Im hinteren Teil der Wohnung befindet sich das Schlafzimmer. Auch hier ein Highlight f√ºr Liebhaber - eine gro√üe Eckbadewanne.

Stauraum bietet diese Wohnung ohne Ende: Im Kniestock des Treppenaufgangs, in der Kammer neben der K√ºche f√ºr die Waschmaschine, im Einbauschrank und in den praktischen Regalen, im H√§uschen auf der Terrasse.
Und nat√ºrlich der Kellerraum des Gew√∂lbekellers.
Hinzu kommt ein Lagerraum/Werkstatt/Fahrradgarage (2st√∂ckig), der von der Stra√üe aus zug√§nglich ist. 

Zudem wird gemeinschaftlich noch ein gr√∂√üerer Raum im EG genutzt (mit Ausgang auf die Stra√üe).

Die Kehrwoche wird regelm√§√üig von den Bewohnern durchgef√ºhrt.

Ein eigener Parkplatz ist nicht vorhanden.

Die Wohnung eignet sich perfekt f√ºr 1 bis 2 Personen. Sie war bisher topp vermietet. Da die Mieter wegen Arbeitsplatzwechsel umziehen werden, soll die Wohnung nun verkauft werden.
Potentielle Nachmieter (P√§rchen, Kaltmiete ca. Euro 1.100,--) sind u. U. bereits vorhanden.","Gas-Etagenheizung (2018).

Teilweise Holzfenster in gutem Zustand  (mit Innenabschattung), zwei Kunststoff-Fenster (Velux-Dachfl√§chenfenster) mit Verdunklungsrolos und gro√üe Balkon-Schiebet√ºr im Jahr 2024 erneuert. (Fenster sind laut Teilungserkl√§rung Gemeinschaftseigentum.)

Einbauk√ºche mit Induktionsherd, Backofen, kleiner Sp√ºlmaschine (2017).

Laminatb√∂den.
Fliesenboden im Bad.

Diverse Einbauschr√§nke/-regale.

Kaminofen (erneuert 2023).

Tageslichtbad mit Dusche, Waschbecken, WC (2017/2018) und Gastherme (2018).

Eckbadewanne im Schlafzimmer.

Gro√üe Terrasse - Holzdeck WPC (2024).

Das Geb√§ude ist in einem guten Zustand und sehr gepflegt.
Als n√§chstes sollen die Kellerverschl√§ge erneuert werden (voraussichtlich in Stahl). Im kommenden Jahr soll dann das Treppengel√§nder im Keller erneuert werden.

Bekannte M√§ngel:
Kleinere Sch√§den am Laminat.
Fehlende Au√üenbleche an der Terrasse werden noch montiert (in Bearbeitung - Gemeinschaftseigentum).
Bei Starkregen von oben Eindringen von wenig Wasser am Eingangsbereich des Lagerraums/Werkstatt/Fahrradkellers (durch Eigent√ºmergemeinschaft bereits in Bearbeitung).

Energieausweis (f√ºr das Gesamtgeb√§ude):
Bedarfsausweis, 229,7 kWh/(m2‚Ä¢a), Erdgas E, Baujahr Geb√§ude 1910, Baujahr W√§rmeerzeuger 1994, Energieeffizienzklasse G.
Die Mieter bezahlen monatlich eine Abschlagszahlung in H√∂he von Euro 45,-- f√ºr Gas (Heizung und Warmwasser), da auch mit dem Holzofen geheizt werden kann.","Relativ ruhige, zentrumsnahe Lage in Stuttgart-Untert√ºrkheim.
Die umgebenden Weinberge und G√§rten laden zu herrlichen Spazierg√§ngen ein.

S-Bahn (S1) und U-Bahnen (U4 und U13) sowie das hiesige Daimler-Werk sind nur ein paar Gehminuten entfernt.
Auch alle Schulen und Einkaufsm√∂glichkeiten sind fu√ül√§ufig erreichbar.

Gute Anbindung an die Bundesstra√üen B10 und B14.",true,130,,
Baden_W√ºrttemberg,central_heating,eyJvcnQiOiJTdHV0dGdhcnQiLCJvcnRzdGVpbCI6IiIsInN0cmFzc2UiOiJHbmVzZW5lciBTdHIuIiwiaGF1c251bW1lciI6IjY3Iiwia2xzaWQiOjE1NDY3ODY3LCJoYXVzbnVtbWVyenVzYXR6IjoiIiwicGx6IjoiNzAzNzQifQ%3D%3D,16630690,n,n,https://pictures.immobilienscout24.de/listings/f9571f2c-0ece-461d-ba0d-938276e959ba-1881707637.jpg/ORIG/resize/118x118%3E/extent/118x118/format/webp/quality/73,12,,1972,schmidener_vorstadt,true,157225717,1,oil,n,false,n,baden_w√ºrttemberg,y,4,3,https://www.telekom.de/festnetz/tarife-und-optionen/internet-dsl,67,energy_consumption,54.5,stuttgart,70372,need_of_renovation,simple,,C,false,duplex,Gnesener Str.,n,flow:0,Gnesener_Str.,roof_storey,,2,95,n,,,"2,active",true,deutschland,standard,wohnung_kauf,y,false,6,4,175 MBit/s,001.16205299,197000,profile1_listingtype,4,bad_cannstatt,2,true,n,,Schmidener_Vorstadt,n,n,Bad_Cannstatt,157225717,2,Stuttgart,https://www.immobilienscout24.de/expose/157225717,2025-02-18,20:49:52,2025-02-18T16:42:50.000+01:00,Praktische 2-Zimmerwohnung,"Diese 2-Zimmerwohnung bietet eine Gelegenheit f√ºr Investoren, die eine Kapitalanlage suchen oder auch f√ºr einen Selbstbezug.
Die Wohnung hat eine optimale Raumaufteilung. Sie ist jedoch renovierungsbed√ºrftig.

Die Kaltmiete betr√§gt derzeit 500 Euro monatlich. Hinzu kommen noch 60 Euro f√ºr den Duplexparker, der in der Nachbarschaft vermietet ist. Die Miete wurde zuletzt vor ca. 6 Jahren sehr moderat erh√∂ht. Die langj√§hrigen Mieter sind sehr zuverl√§ssig.

F√ºr ausreichend Stauraum sorgen 2 Kellerr√§ume. Au√üerdem gibt es einen gemeinschaftlichen Wasch- und Trockenraum.

Die Plattform des Duplexparkers wurde vor wenigen Jahren f√ºr knapp 5.000 Euro erneuert.

Das Hausgeld betr√§gt derzeit 344,50 Euro inkl. Heizkostenvorauszahlung. Davon tragen die Mieter ca. 215 Euro und die Vermieter ca. 130 Euro.

Bitte keine Makleranfragen!",,"Das Objekt punktet mit einer perfekten Verkehrsanbindung an den √ñPNV. Die U-Bahn-Haltestelle ""Gnesener Stra√üe"" ist nur wenige Meter entfernt. Von der befahrenen Stra√üe vor dem Haus ist im Dachgeschoss kaum etwas zu h√∂ren. 

Schulen, Kitas, Spiel- und Sportpl√§tze sowie Lebensmittelgesch√§fte, Friseure, Caf√©s, B√§cker und Restaurants befinden sich in unmittelbarer N√§he. Dar√ºber hinaus gibt es in Bad Cannstatt eine sehr gute √§rztliche Versorgung mit zahlreichen Fach√§rzten und Krankenh√§usern. 

Urbanes Leben kann hier mit gr√ºnen R√ºckzugsorten verbunden werden. Der nahegelegene Kurpark mit seinen traumhaft sch√∂nen Gr√ºnanlagen sowie das weitl√§ufige Neckarufer sind zu Fu√ü schnell erreichbar und locken zu langen Spazierg√§ngen. Auch das Mineralbad mit seinen Thermen ist nur wenige Minuten entfernt. In ungef√§hr 20 Minuten Fu√ümarsch erreicht man die bei Klein und Gro√ü beliebte Wilhelma.
",,344.5,,
Baden_W√ºrttemberg,central_heating,eyJvcnQiOiJTdHV0dGdhcnQiLCJvcnRzdGVpbCI6IiIsInN0cmFzc2UiOiJCdXJja2hhcmR0c3RyLiIsImhhdXNudW1tZXIiOiI0MCIsImtsc2lkIjoxNTQ2OTk4NSwiaGF1c251bW1lcnp1c2F0eiI6IiIsInBseiI6IjcwMzc0In0%3D,16924112,n,n,https://pictures.immobilienscout24.de/listings/12b38ae1-adb2-4a5b-a1b9-617fbba44b5f-1881704311.jpg/ORIG/resize/118x118%3E/extent/118x118/format/webp/quality/73,8,,1938,schmidener_vorstadt,false,157417657,,gas,y,true,y,baden_w√ºrttemberg,y,2,1,https://www.telekom.de/festnetz/tarife-und-optionen/internet-dsl,no_information,energy_required,30.08,stuttgart,70374,need_of_renovation,normal,,H,false,no_information,no_information,n,flow:0,no_information,no_information,,2,290,n,,,"2,active",true,deutschland,top,wohnung_kauf,n,false,19,3,250 MBit/s,009.06041d57-de1b-4a48-987b-3b0882138407,95000,profile0,4,bad_cannstatt,2,true,n,,Schmidener_Vorstadt,n,n,Bad_Cannstatt,157417657,1,Stuttgart,https://www.immobilienscout24.de/expose/157417657,2025-02-18,20:49:55,2025-02-18T16:19:09.000+01:00,Vermietete 2-Zimmerwohnung in zentrumsnaher Lage von Bad Cannstatt,"Objektnr: 1063556 

+ In zentraler Umgebung in Innenstadtlage von Bad Cannstatt
+ Derzeit vermietet zu ca. 4.646 ‚Ç¨ p.a., aber auch zur sp√§teren Eigennutzung m√∂glich
+ Optionen zur Gestaltung dank Renovierungsbedarf, Hausgeld: ca. 124 ‚Ç¨
+ Solide Ausstattung der Wohnung umfasst eine Einbauk√ºche
+ Ein Kellerraum rundet das vielversprechende Angebot ab 

",,,,,true,disabled
Baden_W√ºrttemberg,,eyJvcnQiOiJTdHV0dGdhcnQiLCJvcnRzdGVpbCI6IiIsInN0cmFzc2UiOiJTZWlsYmFobnN0ci4iLCJoYXVzbnVtbWVyIjoiNSIsImtsc2lkIjo3Mjk5MTI2LCJoYXVzbnVtbWVyenVzYXR6IjoiIiwicGx6IjoiNzAxOTkifQ%3D%3D,19313664,n,n,https://pictures.immobilienscout24.de/listings/3d0da355-369d-487d-aa0c-06a217227fd3-1881655515.jpg/ORIG/resize/118x118%3E/extent/118x118/format/webp/quality/73,1,,1903,s√ºdheim,true,157414228,,no_information,n,false,,baden_w√ºrttemberg,n,6,1,https://www.telekom.de/festnetz/tarife-und-optionen/internet-dsl,no_information,,45,stuttgart,70199,no_information,luxury,,,false,no_information,no_information,n,flow:0,no_information,apartment,,2,,n,2022,,"2,active",true,deutschland,standard,wohnung_kauf,n,true,7,1,100 MBit/s,001.18173060,285000,profile1_listingtype,,s√ºd,2,true,n,,S√ºdheim,n,n,S√ºd,157414228,2,Stuttgart,https://www.immobilienscout24.de/expose/157414228,2025-02-18,20:49:59,2025-02-18T13:18:58.953+01:00,Offen f√ºr Angebote: 2.0-Zimmer Wohnung in Stuttgart,,,,,,,
Baden_W√ºrttemberg,central_heating,,4338188,n,n,https://pictures.immobilienscout24.de/listings/31064d25-6932-448a-a3eb-25985113a574-1881666027.jpg/ORIG/resize/118x118%3E/extent/118x118/format/webp/quality/73,6,,1978,dachswald,false,157414991,1,no_information,n,true,y,baden_w√ºrttemberg,y,9,3,,no_information,energy_consumption,102,stuttgart,70569,no_information,no_information,,,false,outside,no_information,n,flow:0,no_information,no_information,,3.5,203,n,,,"2,active",false,deutschland,top,wohnung_kauf,n,false,19,1,,001.4338188,549000,profile0,,vaihingen,3,true,n,showqualicontactform,Dachswald,n,n,Vaihingen,6505736,5,Stuttgart,https://www.immobilienscout24.de/expose/157414991,2025-02-18,20:50:03,2025-02-18T13:59:54.233+01:00,"Sch√∂ne Kapitalanlage - 3,5-Zimmer-Terrassenwohnung inkl. Stellplatz","Die 102 m¬≤ gro√üe 3,5-Zimmer-Wohnung befindet sich im 1. Obergeschoss einer 1978 erbauten Wohnanlage mit 15 Parteien und steht zum Verkauf. Sie liegt an einem Hang und bietet einen separaten Zugang, der an ein Reihenhaus erinnert. Links und rechts des Eingangs befinden sich bepflanzbare Beete, die Ihnen individuelle Gestaltungsm√∂glichkeiten bieten.

Das Herzst√ºck der Wohnung ist der gro√üz√ºgige Wohn- und Essbereich mit ca. 27 m¬≤. 
Die angrenzende, ebenfalls 27 m¬≤ gro√üe S√ºdterrasse l√§dt zum Entspannen ein und bietet Platz f√ºr gesellige Abende mit Familie und Freunden. 

Die moderne K√ºche ist mit einer ger√§umigen, funktionalen Einbauk√ºche inklusive Markenger√§ten ausgestattet. Die Wohnung verf√ºgt √ºber zwei gro√üz√ºgige Schlafzimmer sowie ein innenliegendes Badezimmer, das mit einer elektrischen Fu√übodenheizung, einer ebenerdigen Dusche, einem Waschtisch, einem Spiegelschrank, einem Hochschrank und einem WC ausgestattet ist. Ein separates G√§ste-WC ist ebenfalls vorhanden.

Der ger√§umige Flur bietet vielf√§ltige Stell- und Gestaltungsm√∂glichkeiten. Ein gro√üer Wirtschaftsraum mit Waschmaschinenanschluss bietet zus√§tzlichen Stauraum. Eine kleine Vorratskammer erg√§nzt das Platzangebot.

Das Angebot wird durch gemeinschaftlich genutzte, ebenerdige Abstellr√§ume sowie einen teilweise √ºberdachten Au√üenstellplatz abgerundet. 
Die monatliche R√ºcklagenbildung betr√§gt zus√§tzlich zum Hausgeld 157,45 ‚Ç¨. 

- Wohn-/Essbereich  
- K√ºche: Einbauk√ºche  
- Schlafzimmer: 2 gro√üz√ºgige Schlafzimmer  
- Badezimmer: Innenliegend, mit Dusche, elektrischer Fu√übodenheizung, Waschbecken und WC (2016 modernisiert)  
- Separates WC  
- Vorratsraum: Kleiner Abstellraum  
- Gro√üer Abstellraum: Mit Waschmaschinenanschluss  
- S√ºdterrasse: Ger√§umige Terrasse mit ca. 27 m¬≤  

- Bodenbel√§ge: Eichen-Parkett, verlegt 2016; Fliesen  
- Fenster: Kunststofffenster, 3-fach verglast (Montage 2009)  
- Heizung: √ñl-Zentralheizung  
- Ausstattung: SAT-Anlage  
- Zus√§tzliche R√§umlichkeiten: Gemeinschaftliche Kellerr√§ume  
- Stellplatz: Au√üenstellplatz  

Daten zum Energieausweis: 

Energieeffizienzklasse: G 
Energiekennwert: 203 kWh 
Energietr√§ger: Heiz√∂l
Baujahr Geb√§ude: 1978
Baujahr W√§rmeerzeuger: 2007 
Ausweistyp: Energieverbrauchsausweis",,"Das Objekt befindet sich in einem ruhigen und naturnahen Wohngebiet in Stuttgart-Vaihingen, etwa 1,5 km vom Stadtzentrum entfernt. Die Universit√§t Stuttgart-Vaihingen ist in ca. 20 Minuten zu Fu√ü erreichbar. Einkaufsm√∂glichkeiten f√ºr den t√§glichen Bedarf sind nur wenige Fahrminuten entfernt. In unmittelbarer N√§he gibt es zahlreiche Anbindungen an den √∂ffentlichen Nah- und Fernverkehr; mehrere Bus- und Bahnlinien sind in wenigen Gehminuten erreichbar.

Die Umgebung bietet zudem eine Vielzahl an Annehmlichkeiten: Sie finden fu√ül√§ufig mehrere Caf√©s, Restaurants, zwei Kinderg√§rten und eine B√§ckerei. In der N√§he befinden sich auch Gr√ºn- und Parkanlagen, eine Bar, ein Fitnessstudio, eine Bibliothek und ein Museum. Das benachbarte Stuttgart-M√∂hringen beherbergt die Mercedes-Benz-Verwaltungszentrale sowie Niederlassungen namhafter Firmen. Erholungsm√∂glichkeiten bieten die umliegenden Natur- und Waldgebiete.",,498,,disabled
Baden_W√ºrttemberg,stove_heating,eyJvcnQiOiJTdHV0dGdhcnQiLCJvcnRzdGVpbCI6IiIsInN0cmFzc2UiOiJOb25uZW53YWxkc3RyLiIsImhhdXNudW1tZXIiOiIzIiwia2xzaWQiOjU4ODcyNzcsImhhdXNudW1tZXJ6dXNhdHoiOiIiLCJwbHoiOiI3MDE4NiJ9,4872874,n,n,https://pictures.immobilienscout24.de/listings/a2ced591-76e8-4b50-b821-753d6203d189-1881604753.jpg/ORIG/resize/118x118%3E/extent/118x118/format/webp/quality/73,9,,1953,gaisburg,false,151127053,,gas,n,true,y,baden_w√ºrttemberg,n,6,2,https://www.telekom.de/festnetz/tarife-und-optionen/internet-dsl,no_information,energy_required,69.79,stuttgart,70186,well_kept,no_information,,H,false,no_information,no_information,n,flow:0,no_information,roof_storey,,4,279.46,n,2024,,"2,active",true,deutschland,standard,wohnung_kauf,y,false,11,,16 MBit/s,001.4872874,275000,profile0,2,ost,4,true,n,showqualicontactform,Gaisburg,n,n,Ost,44300104-062080,3,Stuttgart,https://www.immobilienscout24.de/expose/151127053,2025-02-18,20:50:07,2025-02-18T11:00:35.000+01:00,Super Lage einer 4-Zimmerwohnung,"Die durch uns zum Verkauf kommende 4-Zimmer-Eigentumswohnung befindet sich im Dachgeschoss eines 3-Familienhauses.
Es ist eine helle Wohnung.
Sie haben niemand √ºber sich.
Der weite Blick aus allen Fenster sorgt f√ºr Behaglichkeit und Wohlemfinden.
Renovierung ist erforderlich.
2 Kellerr√§ume und die B√ºhne geh√∂ren zur Wohnung.
Der Gemeinschaftsgarten kann nat√ºrlich mitgenutzt werden.
Dieses Juwel ist frei.",,,,,,
